iso3,country,year,n_war,is_inter,is_intra,homeland
AFG,Afghanistan,1818,1,0,1,1
AFG,Afghanistan,1819,1,0,1,1
AFG,Afghanistan,1820,1,0,1,1
AFG,Afghanistan,1821,1,0,1,1
AFG,Afghanistan,1822,1,0,1,1
AFG,Afghanistan,1823,1,0,1,1
AFG,Afghanistan,1824,1,0,1,1
AFG,Afghanistan,1825,1,0,1,1
AFG,Afghanistan,1826,1,0,1,1
AFG,Afghanistan,1836,1,1,0,0
AFG,Afghanistan,1838,2,1,0,1
AFG,Afghanistan,1839,1,1,0,1
AFG,Afghanistan,1840,1,1,0,1
AFG,Afghanistan,1841,1,1,0,1
AFG,Afghanistan,1842,1,1,0,1
AFG,Afghanistan,1885,1,1,0,1
AFG,Afghanistan,1919,1,1,0,1
AFG,Afghanistan,1924,1,0,1,1
AFG,Afghanistan,1925,1,0,1,1
AFG,Afghanistan,1928,1,0,1,1
AFG,Afghanistan,1929,1,0,1,1
AFG,Afghanistan,1978,1,0,1,1
AFG,Afghanistan,1979,1,0,1,1
AFG,Afghanistan,1980,1,0,1,1
AFG,Afghanistan,1981,1,0,1,1
AFG,Afghanistan,1982,1,0,1,1
AFG,Afghanistan,1983,1,0,1,1
AFG,Afghanistan,1984,1,0,1,1
AFG,Afghanistan,1985,1,0,1,1
AFG,Afghanistan,1986,1,0,1,1
AFG,Afghanistan,1987,1,0,1,1
AFG,Afghanistan,1988,1,0,1,1
AFG,Afghanistan,1989,1,0,1,1
AFG,Afghanistan,1990,1,0,1,1
AFG,Afghanistan,1991,1,0,1,1
AFG,Afghanistan,1992,1,0,1,1
AGO,Angola,1975,1,0,1,1
AGO,Angola,1976,1,0,1,1
AGO,Angola,1977,1,0,1,1
AGO,Angola,1978,1,0,1,1
AGO,Angola,1979,1,0,1,1
AGO,Angola,1980,1,0,1,1
AGO,Angola,1981,1,0,1,1
AGO,Angola,1982,1,0,1,1
AGO,Angola,1983,1,0,1,1
AGO,Angola,1984,1,0,1,1
AGO,Angola,1985,1,0,1,1
AGO,Angola,1986,1,0,1,1
AGO,Angola,1987,1,0,1,1
AGO,Angola,1988,1,0,1,1
AGO,Angola,1989,1,0,1,1
AGO,Angola,1990,1,0,1,1
AGO,Angola,1991,1,0,1,1
AGO,Angola,1992,1,0,1,1
AGO,Angola,1993,1,0,1,1
AGO,Angola,1994,1,0,1,1
AGO,Angola,1996,1,0,1,0
AGO,Angola,1997,3,0,1,0
AGO,Angola,1998,3,0,1,0
AGO,Angola,1999,2,0,1,0
AGO,Angola,2000,1,0,1,0
ARE,United Arab Emirates,1903,1,1,0,0
ARE,United Arab Emirates,1990,1,1,0,0
ARE,United Arab Emirates,1991,1,1,0,0
ARG,Argentina,1825,1,0,1,0
ARG,Argentina,1826,1,0,1,0
ARG,Argentina,1827,1,0,1,0
ARG,Argentina,1828,2,0,1,1
ARG,Argentina,1829,1,0,1,1
ARG,Argentina,1830,1,0,1,1
ARG,Argentina,1831,1,0,1,1
ARG,Argentina,1839,1,1,0,0
ARG,Argentina,1841,1,0,1,1
ARG,Argentina,1842,1,0,1,1
ARG,Argentina,1845,1,1,0,0
ARG,Argentina,1846,1,1,0,0
ARG,Argentina,1847,1,1,0,0
ARG,Argentina,1848,1,1,0,0
ARG,Argentina,1849,1,1,0,0
ARG,Argentina,1850,1,1,0,0
ARG,Argentina,1851,2,1,1,1
ARG,Argentina,1852,3,1,1,1
ARG,Argentina,1859,1,0,1,1
ARG,Argentina,1861,1,0,1,1
ARG,Argentina,1863,1,0,1,1
ARG,Argentina,1864,1,1,0,1
ARG,Argentina,1865,1,1,0,1
ARG,Argentina,1866,2,1,1,1
ARG,Argentina,1867,2,1,1,1
ARG,Argentina,1868,1,1,0,1
ARG,Argentina,1869,1,1,0,1
ARG,Argentina,1870,2,1,1,1
ARG,Argentina,1871,1,0,1,1
ARG,Argentina,1874,1,0,1,1
ARG,Argentina,1880,1,0,1,1
ARG,Argentina,1955,1,0,1,1
ARG,Argentina,1982,1,1,0,1
ARM,Armenia,1991,1,0,1,0
ARM,Armenia,1992,1,0,1,0
ARM,Armenia,1993,1,0,1,0
ARM,Armenia,1994,1,0,1,0
AUS,Australia,1950,1,1,0,0
AUS,Australia,1951,1,1,0,0
AUS,Australia,1952,1,1,0,0
AUS,Australia,1953,1,1,0,0
AUS,Australia,1965,1,1,0,0
AUS,Australia,1966,1,1,0,0
AUS,Australia,1967,1,1,0,0
AUS,Australia,1968,1,1,0,0
AUS,Australia,1969,1,1,0,0
AUS,Australia,1970,1,1,0,0
AUS,Australia,1971,1,1,0,0
AUS,Australia,1972,1,1,0,0
AUS,Australia,1973,1,1,0,0
AUS,Australia,1974,1,1,0,0
AUS,Australia,1975,1,1,0,0
AUT,Austria,1820,1,0,1,0
AUT,Austria,1821,2,0,1,0
AUT,Austria,1846,1,0,1,0
AUT,Austria,1848,3,0,1,1
AUT,Austria,1849,3,1,1,1
AUT,Austria,1859,1,0,1,0
AUT,Austria,1864,1,1,0,0
AUT,Austria,1866,1,1,0,0
AUT,Austria,1878,1,0,1,0
AUT,Austria,1934,1,0,1,1
AZE,Azerbaijan,1991,1,0,1,1
AZE,Azerbaijan,1992,1,0,1,1
AZE,Azerbaijan,1993,1,0,1,1
AZE,Azerbaijan,1994,1,0,1,1
BDI,Burundi,1972,1,0,1,1
BDI,Burundi,1988,1,0,1,1
BDI,Burundi,1991,1,0,1,1
BDI,Burundi,1993,1,0,1,1
BDI,Burundi,1994,1,0,1,1
BDI,Burundi,1995,1,0,1,1
BDI,Burundi,1996,1,0,1,1
BDI,Burundi,1997,1,0,1,1
BDI,Burundi,1998,1,0,1,1
BDI,Burundi,1999,1,0,1,1
BDI,Burundi,2000,1,0,1,1
BDI,Burundi,2001,1,0,1,1
BEL,Belgium,1892,1,1,0,0
BEL,Belgium,1950,1,1,0,0
BEL,Belgium,1951,1,1,0,0
BEL,Belgium,1952,1,1,0,0
BEL,Belgium,1953,1,1,0,0
BEL,Belgium,1960,1,0,1,0
BEL,Belgium,1961,1,0,1,0
BEL,Belgium,1962,1,0,1,0
BEL,Belgium,1963,1,0,1,0
BEL,Belgium,1964,1,0,1,0
BEL,Belgium,1965,1,0,1,0
BEL,Belgium,1998,1,0,1,0
BEL,Belgium,1999,1,0,1,0
BEN,Benin,1818,1,1,0,1
BEN,Benin,1819,1,1,0,1
BEN,Benin,1820,1,1,0,1
BEN,Benin,1821,1,1,0,1
BEN,Benin,1822,1,1,0,1
BEN,Benin,1823,1,1,0,1
BEN,Benin,1824,1,1,0,1
BEN,Benin,1825,1,1,0,1
BEN,Benin,1826,1,1,0,1
BEN,Benin,1827,1,1,0,1
BEN,Benin,1828,1,1,0,1
BEN,Benin,1829,1,1,0,1
BEN,Benin,1830,1,1,0,1
BEN,Benin,1831,1,1,0,1
BEN,Benin,1832,1,1,0,1
BEN,Benin,1833,1,1,0,1
BEN,Benin,1834,1,1,0,1
BEN,Benin,1835,1,1,0,1
BEN,Benin,1836,1,1,0,1
BEN,Benin,1837,1,1,0,1
BEN,Benin,1838,1,1,0,1
BEN,Benin,1839,1,1,0,1
BEN,Benin,1840,1,1,0,1
BEN,Benin,1889,1,1,0,1
BEN,Benin,1890,1,1,0,1
BEN,Benin,1891,1,1,0,1
BEN,Benin,1892,1,1,0,1
BEN,Benin,1897,1,1,0,0
BGR,Bulgaria,1885,1,1,0,1
BGR,Bulgaria,1912,1,1,0,0
BGR,Bulgaria,1913,2,1,0,1
BGR,Bulgaria,1923,1,0,1,1
BIH,Bosnia & Herzegovina,1885,1,1,0,1
BIH,Bosnia & Herzegovina,1912,1,1,0,0
BIH,Bosnia & Herzegovina,1913,2,1,0,0
BIH,Bosnia & Herzegovina,1991,1,1,0,0
BIH,Bosnia & Herzegovina,1992,2,1,1,1
BIH,Bosnia & Herzegovina,1993,1,0,1,1
BIH,Bosnia & Herzegovina,1994,1,0,1,1
BIH,Bosnia & Herzegovina,1995,1,0,1,1
BIH,Bosnia & Herzegovina,1998,1,0,1,1
BIH,Bosnia & Herzegovina,1999,1,0,1,1
BOL,Bolivia,1827,1,1,0,0
BOL,Bolivia,1828,1,1,0,0
BOL,Bolivia,1829,1,1,0,0
BOL,Bolivia,1835,1,1,0,0
BOL,Bolivia,1839,1,1,0,0
BOL,Bolivia,1841,1,1,0,1
BOL,Bolivia,1879,1,1,0,1
BOL,Bolivia,1880,1,1,0,1
BOL,Bolivia,1881,1,1,0,1
BOL,Bolivia,1882,1,1,0,1
BOL,Bolivia,1883,1,1,0,1
BOL,Bolivia,1932,1,1,0,1
BOL,Bolivia,1933,1,1,0,1
BOL,Bolivia,1934,1,1,0,1
BOL,Bolivia,1935,1,1,0,1
BOL,Bolivia,1952,1,0,1,1
BRA,Brazil,1825,1,0,1,0
BRA,Brazil,1826,1,0,1,0
BRA,Brazil,1827,1,0,1,0
BRA,Brazil,1828,1,0,1,0
BRA,Brazil,1835,1,0,1,1
BRA,Brazil,1836,1,0,1,1
BRA,Brazil,1837,1,0,1,1
BRA,Brazil,1838,1,0,1,1
BRA,Brazil,1839,1,0,1,1
BRA,Brazil,1840,1,0,1,1
BRA,Brazil,1841,1,0,1,1
BRA,Brazil,1842,1,0,1,1
BRA,Brazil,1843,1,0,1,1
BRA,Brazil,1844,1,0,1,1
BRA,Brazil,1845,2,1,1,1
BRA,Brazil,1846,1,1,0,0
BRA,Brazil,1847,1,1,0,0
BRA,Brazil,1848,1,1,0,0
BRA,Brazil,1849,1,1,0,0
BRA,Brazil,1850,1,1,0,0
BRA,Brazil,1851,2,1,1,1
BRA,Brazil,1852,3,1,1,1
BRA,Brazil,1864,1,1,0,1
BRA,Brazil,1865,1,1,0,1
BRA,Brazil,1866,1,1,0,1
BRA,Brazil,1867,1,1,0,1
BRA,Brazil,1868,1,1,0,1
BRA,Brazil,1869,1,1,0,1
BRA,Brazil,1870,1,1,0,1
BRA,Brazil,1893,2,0,1,1
BRA,Brazil,1894,2,0,1,1
BRA,Brazil,1896,1,0,1,1
BRA,Brazil,1897,1,0,1,1
BRA,Brazil,1932,1,0,1,1
BTN,Bhutan,1865,1,1,0,1
CAN,Canada,1950,1,1,0,0
CAN,Canada,1951,1,1,0,0
CAN,Canada,1952,1,1,0,0
CAN,Canada,1953,1,1,0,0
CAN,Canada,1990,1,1,0,0
CAN,Canada,1991,1,1,0,0
CAN,Canada,1998,1,0,1,0
CAN,Canada,1999,1,0,1,0
CHL,Chile,1839,1,1,0,0
CHL,Chile,1851,1,0,1,1
CHL,Chile,1865,1,1,0,1
CHL,Chile,1866,1,1,0,1
CHL,Chile,1879,1,1,0,1
CHL,Chile,1880,1,1,0,1
CHL,Chile,1881,1,1,0,1
CHL,Chile,1882,1,1,0,1
CHL,Chile,1883,1,1,0,1
CHL,Chile,1891,1,0,1,1
CHL,Chile,1973,1,0,1,1
CHN,China,1822,1,0,1,1
CHN,China,1823,1,0,1,1
CHN,China,1824,1,0,1,1
CHN,China,1825,1,0,1,1
CHN,China,1826,1,0,1,1
CHN,China,1827,1,0,1,1
CHN,China,1828,1,0,1,1
CHN,China,1839,1,1,0,1
CHN,China,1840,1,1,0,1
CHN,China,1841,2,1,0,1
CHN,China,1842,1,1,0,1
CHN,China,1856,1,1,0,1
CHN,China,1857,2,1,1,1
CHN,China,1858,1,1,0,1
CHN,China,1859,1,1,0,1
CHN,China,1860,4,1,1,1
CHN,China,1861,3,0,1,1
CHN,China,1862,3,0,1,1
CHN,China,1863,4,0,1,1
CHN,China,1864,4,0,1,1
CHN,China,1865,3,0,1,1
CHN,China,1866,3,0,1,1
CHN,China,1867,3,0,1,1
CHN,China,1868,3,0,1,1
CHN,China,1869,2,0,1,1
CHN,China,1870,2,0,1,1
CHN,China,1871,2,0,1,1
CHN,China,1872,2,0,1,1
CHN,China,1873,2,1,1,1
CHN,China,1874,2,1,1,1
CHN,China,1875,2,1,1,1
CHN,China,1876,2,1,1,1
CHN,China,1877,2,1,1,1
CHN,China,1878,1,1,0,0
CHN,China,1879,1,1,0,0
CHN,China,1880,1,1,0,0
CHN,China,1881,1,1,0,0
CHN,China,1882,2,1,0,0
CHN,China,1883,2,1,0,0
CHN,China,1884,3,1,0,1
CHN,China,1885,2,1,0,1
CHN,China,1894,1,1,0,1
CHN,China,1895,1,1,0,1
CHN,China,1900,2,1,0,1
CHN,China,1903,1,1,0,1
CHN,China,1904,1,1,0,1
CHN,China,1911,1,0,1,1
CHN,China,1912,1,0,1,1
CHN,China,1913,2,0,1,1
CHN,China,1914,1,0,1,1
CHN,China,1917,1,0,1,1
CHN,China,1918,2,1,1,1
CHN,China,1926,1,0,1,1
CHN,China,1927,1,0,1,1
CHN,China,1928,2,0,1,1
CHN,China,1929,2,1,1,1
CHN,China,1930,2,0,1,1
CHN,China,1931,3,1,1,1
CHN,China,1932,3,1,1,1
CHN,China,1933,3,1,1,1
CHN,China,1934,2,0,1,1
CHN,China,1935,1,0,1,1
CHN,China,1937,1,1,0,1
CHN,China,1938,1,1,0,1
CHN,China,1939,1,1,0,1
CHN,China,1940,1,1,0,1
CHN,China,1941,1,1,0,1
CHN,China,1946,1,0,1,1
CHN,China,1947,2,0,1,1
CHN,China,1948,1,0,1,1
CHN,China,1949,1,0,1,1
CHN,China,1950,3,1,1,1
CHN,China,1951,2,1,0,1
CHN,China,1952,1,1,0,0
CHN,China,1953,1,1,0,0
CHN,China,1956,1,0,1,1
CHN,China,1957,1,0,1,1
CHN,China,1958,1,0,1,1
CHN,China,1959,1,0,1,1
CHN,China,1962,1,1,0,1
CHN,China,1967,1,0,1,1
CHN,China,1968,1,0,1,1
CHN,China,1979,1,1,0,0
CHN,China,1987,1,1,0,1
COD,Congo - Kinshasa,1960,1,0,1,0
COD,Congo - Kinshasa,1961,1,0,1,0
COD,Congo - Kinshasa,1962,1,0,1,0
COD,Congo - Kinshasa,1963,1,0,1,0
COD,Congo - Kinshasa,1964,1,0,1,0
COD,Congo - Kinshasa,1965,1,0,1,0
COD,Congo - Kinshasa,1993,1,0,1,0
COD,Congo - Kinshasa,1996,1,0,1,0
COD,Congo - Kinshasa,1997,1,0,1,0
COD,Congo - Kinshasa,1998,1,0,1,0
COD,Congo - Kinshasa,1999,1,0,1,0
COD,Congo - Kinshasa,2000,1,0,1,0
COG,Congo - Brazzaville,1997,2,0,1,1
COG,Congo - Brazzaville,1998,2,0,1,1
COG,Congo - Brazzaville,1999,1,0,1,1
COL,Colombia,1840,1,0,1,1
COL,Colombia,1841,1,0,1,1
COL,Colombia,1842,1,0,1,1
COL,Colombia,1860,1,0,1,1
COL,Colombia,1861,1,0,1,1
COL,Colombia,1862,1,0,1,1
COL,Colombia,1863,1,1,0,1
COL,Colombia,1876,1,0,1,1
COL,Colombia,1877,1,0,1,1
COL,Colombia,1884,1,0,1,1
COL,Colombia,1885,1,0,1,1
COL,Colombia,1899,1,0,1,1
COL,Colombia,1900,1,0,1,1
COL,Colombia,1901,1,0,1,1
COL,Colombia,1902,1,0,1,1
COL,Colombia,1903,1,0,1,1
COL,Colombia,1948,1,0,1,1
COL,Colombia,1949,2,0,1,1
COL,Colombia,1950,2,1,1,1
COL,Colombia,1951,2,1,1,1
COL,Colombia,1952,2,1,1,1
COL,Colombia,1953,2,1,1,1
COL,Colombia,1954,1,0,1,1
COL,Colombia,1955,1,0,1,1
COL,Colombia,1956,1,0,1,1
COL,Colombia,1957,1,0,1,1
COL,Colombia,1958,1,0,1,1
COL,Colombia,1959,1,0,1,1
COL,Colombia,1960,1,0,1,1
COL,Colombia,1961,1,0,1,1
COL,Colombia,1962,1,0,1,1
COL,Colombia,1984,1,0,1,1
COL,Colombia,1985,1,0,1,1
COL,Colombia,1986,1,0,1,1
COL,Colombia,1987,1,0,1,1
COL,Colombia,1988,1,0,1,1
COL,Colombia,1989,1,0,1,1
COL,Colombia,1990,1,0,1,1
COL,Colombia,1991,1,0,1,1
COL,Colombia,1992,1,0,1,1
COL,Colombia,1993,1,0,1,1
COL,Colombia,1994,1,0,1,1
COL,Colombia,1995,1,0,1,1
COL,Colombia,1996,1,0,1,1
COL,Colombia,1997,1,0,1,1
COL,Colombia,1998,1,0,1,1
COL,Colombia,1999,1,0,1,1
COL,Colombia,2000,1,0,1,1
COL,Colombia,2001,1,0,1,1
CRI,Costa Rica,1948,1,0,1,1
CUB,Cuba,1958,1,0,1,1
CUB,Cuba,1959,1,0,1,1
CUB,Cuba,1974,1,0,1,0
CUB,Cuba,1975,2,0,1,0
CUB,Cuba,1976,3,0,1,0
CUB,Cuba,1977,4,1,1,0
CUB,Cuba,1978,4,1,1,0
CUB,Cuba,1979,3,0,1,0
CUB,Cuba,1980,3,0,1,0
CUB,Cuba,1981,3,0,1,0
CUB,Cuba,1982,3,0,1,0
CUB,Cuba,1983,3,0,1,0
CUB,Cuba,1984,2,0,1,0
CUB,Cuba,1985,2,0,1,0
CUB,Cuba,1986,2,0,1,0
CUB,Cuba,1987,2,0,1,0
CUB,Cuba,1988,2,0,1,0
CUB,Cuba,1989,2,0,1,0
CUB,Cuba,1990,2,0,1,0
CUB,Cuba,1991,2,0,1,0
CYP,Cyprus,1974,1,1,0,1
CZE,Czechia,1919,1,1,0,0
CZE,Czechia,1998,1,0,1,0
CZE,Czechia,1999,1,0,1,0
DEU,Germany,1848,1,1,0,1
DEU,Germany,1849,1,1,0,1
DEU,Germany,1864,1,1,0,1
DEU,Germany,1866,1,1,0,0
DEU,Germany,1870,1,1,0,1
DEU,Germany,1871,1,1,0,1
DEU,Germany,1904,1,1,0,0
DEU,Germany,1905,2,1,1,0
DEU,Germany,1906,1,0,1,0
DEU,Germany,1936,1,0,1,0
DEU,Germany,1937,1,0,1,0
DEU,Germany,1938,1,0,1,0
DEU,Germany,1939,1,0,1,0
DEU,Germany,1998,1,0,1,0
DEU,Germany,1999,1,0,1,0
DNK,Denmark,1848,1,1,0,1
DNK,Denmark,1849,1,1,0,1
DNK,Denmark,1864,1,1,0,1
DNK,Denmark,1998,1,0,1,0
DNK,Denmark,1999,1,0,1,0
DOM,Dominican Republic,1965,1,0,1,1
DZA,Algeria,1839,1,1,0,1
DZA,Algeria,1840,1,1,0,1
DZA,Algeria,1841,1,1,0,1
DZA,Algeria,1842,1,1,0,1
DZA,Algeria,1843,1,1,0,1
DZA,Algeria,1844,1,1,0,1
DZA,Algeria,1845,1,1,0,1
DZA,Algeria,1846,1,1,0,1
DZA,Algeria,1847,1,1,0,1
DZA,Algeria,1962,1,0,1,1
DZA,Algeria,1963,1,0,1,1
DZA,Algeria,1975,1,0,1,0
DZA,Algeria,1976,1,0,1,0
DZA,Algeria,1977,1,0,1,0
DZA,Algeria,1978,1,0,1,0
DZA,Algeria,1979,1,0,1,0
DZA,Algeria,1980,1,0,1,0
DZA,Algeria,1981,1,0,1,0
DZA,Algeria,1982,1,0,1,0
DZA,Algeria,1983,1,0,1,0
DZA,Algeria,1992,1,0,1,1
DZA,Algeria,1993,1,0,1,1
DZA,Algeria,1994,1,0,1,1
DZA,Algeria,1995,1,0,1,1
DZA,Algeria,1996,1,0,1,1
DZA,Algeria,1997,1,0,1,1
DZA,Algeria,1998,1,0,1,1
DZA,Algeria,1999,1,0,1,1
DZA,Algeria,2000,1,0,1,1
DZA,Algeria,2001,1,0,1,1
ECU,Ecuador,1863,1,1,0,1
ECU,Ecuador,1912,1,0,1,1
EGY,Egypt,1816,1,1,0,0
EGY,Egypt,1817,1,1,0,0
EGY,Egypt,1818,1,1,0,0
EGY,Egypt,1820,1,1,0,0
EGY,Egypt,1831,1,1,0,0
EGY,Egypt,1832,1,1,0,0
EGY,Egypt,1875,1,1,0,0
EGY,Egypt,1876,1,1,0,0
EGY,Egypt,1878,1,0,1,0
EGY,Egypt,1882,1,1,0,1
EGY,Egypt,1885,1,0,1,0
EGY,Egypt,1886,1,0,1,0
EGY,Egypt,1887,1,0,1,0
EGY,Egypt,1888,1,0,1,0
EGY,Egypt,1889,1,0,1,0
EGY,Egypt,1890,1,0,1,0
EGY,Egypt,1891,1,0,1,0
EGY,Egypt,1892,1,0,1,0
EGY,Egypt,1893,1,0,1,0
EGY,Egypt,1894,1,0,1,0
EGY,Egypt,1895,1,0,1,0
EGY,Egypt,1948,1,1,0,1
EGY,Egypt,1949,1,1,0,1
EGY,Egypt,1956,1,1,0,1
EGY,Egypt,1962,1,0,1,0
EGY,Egypt,1963,1,0,1,0
EGY,Egypt,1964,1,0,1,0
EGY,Egypt,1965,1,0,1,0
EGY,Egypt,1966,1,0,1,0
EGY,Egypt,1967,2,1,1,1
EGY,Egypt,1968,1,0,1,0
EGY,Egypt,1969,2,1,1,1
EGY,Egypt,1970,1,1,0,1
EGY,Egypt,1973,1,1,0,1
EGY,Egypt,1990,1,1,0,0
EGY,Egypt,1991,1,1,0,0
ERI,Eritrea,1998,1,1,0,1
ERI,Eritrea,1999,1,1,0,1
ERI,Eritrea,2000,1,1,0,1
ESP,Spain,1817,2,0,1,0
ESP,Spain,1818,3,0,1,0
ESP,Spain,1819,1,0,1,0
ESP,Spain,1820,1,0,1,0
ESP,Spain,1821,2,0,1,1
ESP,Spain,1822,2,0,1,1
ESP,Spain,1823,3,1,1,1
ESP,Spain,1824,2,0,1,0
ESP,Spain,1834,1,0,1,1
ESP,Spain,1835,1,0,1,1
ESP,Spain,1836,1,0,1,1
ESP,Spain,1837,1,0,1,1
ESP,Spain,1838,1,0,1,1
ESP,Spain,1839,1,0,1,1
ESP,Spain,1840,1,0,1,1
ESP,Spain,1847,1,0,1,1
ESP,Spain,1848,1,0,1,1
ESP,Spain,1849,1,0,1,1
ESP,Spain,1859,1,1,0,0
ESP,Spain,1860,1,1,0,0
ESP,Spain,1863,1,0,1,0
ESP,Spain,1864,1,0,1,0
ESP,Spain,1865,2,1,1,0
ESP,Spain,1866,1,1,0,0
ESP,Spain,1868,2,0,1,1
ESP,Spain,1869,1,0,1,0
ESP,Spain,1870,1,0,1,0
ESP,Spain,1871,1,0,1,0
ESP,Spain,1872,2,0,1,1
ESP,Spain,1873,2,0,1,1
ESP,Spain,1874,2,0,1,1
ESP,Spain,1875,2,0,1,1
ESP,Spain,1876,2,0,1,1
ESP,Spain,1877,1,0,1,0
ESP,Spain,1878,1,0,1,0
ESP,Spain,1895,1,0,1,0
ESP,Spain,1896,2,0,1,0
ESP,Spain,1897,2,0,1,0
ESP,Spain,1898,3,1,1,0
ESP,Spain,1909,1,1,0,0
ESP,Spain,1910,1,1,0,0
ESP,Spain,1911,1,1,0,0
ESP,Spain,1912,1,1,0,0
ESP,Spain,1916,1,0,1,0
ESP,Spain,1917,1,0,1,0
ESP,Spain,1921,1,0,1,0
ESP,Spain,1922,1,0,1,0
ESP,Spain,1923,1,0,1,0
ESP,Spain,1924,1,0,1,0
ESP,Spain,1925,1,0,1,0
ESP,Spain,1926,1,0,1,0
ESP,Spain,1934,1,0,1,1
ESP,Spain,1936,1,0,1,1
ESP,Spain,1937,1,0,1,1
ESP,Spain,1938,1,0,1,1
ESP,Spain,1939,1,0,1,1
ESP,Spain,1953,1,0,1,0
ESP,Spain,1954,1,0,1,0
ESP,Spain,1955,1,0,1,0
ESP,Spain,1956,1,0,1,0
ESP,Spain,1998,1,0,1,0
ESP,Spain,1999,1,0,1,0
ETH,Ethiopia,1867,1,1,0,1
ETH,Ethiopia,1868,1,1,0,1
ETH,Ethiopia,1875,1,1,0,1
ETH,Ethiopia,1876,1,1,0,1
ETH,Ethiopia,1887,1,1,0,1
ETH,Ethiopia,1889,1,1,0,1
ETH,Ethiopia,1895,1,1,0,1
ETH,Ethiopia,1896,1,1,0,1
ETH,Ethiopia,1935,1,1,0,1
ETH,Ethiopia,1936,1,1,0,1
ETH,Ethiopia,1950,1,1,0,0
ETH,Ethiopia,1951,1,1,0,0
ETH,Ethiopia,1952,1,1,0,0
ETH,Ethiopia,1953,1,1,0,0
ETH,Ethiopia,1974,1,0,1,1
ETH,Ethiopia,1975,1,0,1,1
ETH,Ethiopia,1976,2,0,1,1
ETH,Ethiopia,1977,3,1,1,1
ETH,Ethiopia,1978,4,1,1,1
ETH,Ethiopia,1979,3,0,1,1
ETH,Ethiopia,1980,3,0,1,1
ETH,Ethiopia,1981,3,0,1,1
ETH,Ethiopia,1982,3,0,1,1
ETH,Ethiopia,1983,3,0,1,1
ETH,Ethiopia,1984,2,0,1,1
ETH,Ethiopia,1985,2,0,1,1
ETH,Ethiopia,1986,2,0,1,1
ETH,Ethiopia,1987,2,0,1,1
ETH,Ethiopia,1988,2,0,1,1
ETH,Ethiopia,1989,2,0,1,1
ETH,Ethiopia,1990,2,0,1,1
ETH,Ethiopia,1991,2,0,1,1
ETH,Ethiopia,1998,1,1,0,1
ETH,Ethiopia,1999,1,1,0,1
ETH,Ethiopia,2000,1,1,0,1
FIN,Finland,1917,1,0,1,0
FIN,Finland,1918,2,0,1,1
FIN,Finland,1919,1,0,1,0
FIN,Finland,1920,1,0,1,0
FIN,Finland,1921,1,0,1,0
FIN,Finland,1939,1,1,0,1
FIN,Finland,1940,1,1,0,1
FRA,France,1823,1,1,0,1
FRA,France,1830,2,0,1,1
FRA,France,1831,1,0,1,0
FRA,France,1834,1,0,1,0
FRA,France,1835,1,0,1,0
FRA,France,1836,1,0,1,0
FRA,France,1837,1,0,1,0
FRA,France,1838,1,0,1,0
FRA,France,1839,2,1,1,0
FRA,France,1840,2,1,1,0
FRA,France,1841,1,1,0,0
FRA,France,1842,1,1,0,0
FRA,France,1843,1,1,0,0
FRA,France,1844,2,1,0,0
FRA,France,1845,2,1,0,0
FRA,France,1846,2,1,0,0
FRA,France,1847,2,1,0,0
FRA,France,1848,2,1,1,1
FRA,France,1849,2,1,0,0
FRA,France,1850,1,1,0,0
FRA,France,1851,2,1,1,1
FRA,France,1852,2,1,0,0
FRA,France,1853,1,1,0,0
FRA,France,1854,1,1,0,0
FRA,France,1855,1,1,0,0
FRA,France,1856,3,1,0,0
FRA,France,1857,3,1,0,0
FRA,France,1858,2,1,0,0
FRA,France,1859,3,1,1,0
FRA,France,1860,2,1,0,0
FRA,France,1861,1,1,0,0
FRA,France,1862,2,1,0,0
FRA,France,1863,1,1,0,0
FRA,France,1864,1,1,0,0
FRA,France,1865,1,1,0,0
FRA,France,1866,1,1,0,0
FRA,France,1867,1,1,0,0
FRA,France,1870,1,1,0,1
FRA,France,1871,3,1,1,1
FRA,France,1872,1,0,1,0
FRA,France,1873,1,1,0,0
FRA,France,1874,1,1,0,0
FRA,France,1875,1,1,0,0
FRA,France,1876,1,1,0,0
FRA,France,1877,1,1,0,0
FRA,France,1878,1,1,0,0
FRA,France,1879,1,1,0,0
FRA,France,1880,1,1,0,0
FRA,France,1881,2,1,0,0
FRA,France,1882,3,1,0,0
FRA,France,1883,3,1,0,0
FRA,France,1884,4,1,0,0
FRA,France,1885,4,1,0,0
FRA,France,1886,1,1,0,0
FRA,France,1889,1,1,0,0
FRA,France,1890,2,1,0,0
FRA,France,1891,3,1,0,0
FRA,France,1892,1,1,0,0
FRA,France,1893,1,1,0,0
FRA,France,1894,1,1,0,0
FRA,France,1895,1,1,0,0
FRA,France,1896,1,1,0,0
FRA,France,1897,1,1,0,0
FRA,France,1898,1,1,0,0
FRA,France,1899,1,1,0,0
FRA,France,1900,1,1,0,0
FRA,France,1907,1,0,1,0
FRA,France,1908,1,0,1,0
FRA,France,1911,2,1,1,0
FRA,France,1912,1,1,0,0
FRA,France,1916,1,0,1,0
FRA,France,1917,2,0,1,0
FRA,France,1918,1,0,1,0
FRA,France,1919,2,1,1,0
FRA,France,1920,3,1,1,0
FRA,France,1921,3,1,1,0
FRA,France,1922,1,0,1,0
FRA,France,1923,1,0,1,0
FRA,France,1924,1,0,1,0
FRA,France,1925,2,0,1,0
FRA,France,1926,2,0,1,0
FRA,France,1927,1,0,1,0
FRA,France,1940,1,1,0,0
FRA,France,1941,1,1,0,0
FRA,France,1945,1,0,1,0
FRA,France,1946,1,0,1,0
FRA,France,1947,2,0,1,0
FRA,France,1948,2,0,1,0
FRA,France,1949,1,0,1,0
FRA,France,1950,2,1,1,0
FRA,France,1951,2,1,1,0
FRA,France,1952,3,1,1,0
FRA,France,1953,4,1,1,0
FRA,France,1954,4,0,1,0
FRA,France,1955,3,0,1,0
FRA,France,1956,4,1,1,0
FRA,France,1957,2,0,1,0
FRA,France,1958,2,0,1,0
FRA,France,1959,2,0,1,0
FRA,France,1960,2,0,1,0
FRA,France,1961,1,0,1,0
FRA,France,1962,1,0,1,0
FRA,France,1966,1,0,1,0
FRA,France,1967,1,0,1,0
FRA,France,1968,1,0,1,0
FRA,France,1969,1,0,1,0
FRA,France,1970,1,0,1,0
FRA,France,1971,1,0,1,0
FRA,France,1980,1,0,1,0
FRA,France,1981,1,0,1,0
FRA,France,1982,2,0,1,0
FRA,France,1983,2,0,1,0
FRA,France,1984,2,0,1,0
FRA,France,1985,2,0,1,0
FRA,France,1986,2,0,1,0
FRA,France,1987,2,0,1,0
FRA,France,1988,2,0,1,0
FRA,France,1989,1,0,1,0
FRA,France,1990,2,1,1,0
FRA,France,1991,2,1,1,0
FRA,France,1992,1,0,1,0
FRA,France,1993,1,0,1,0
FRA,France,1994,1,0,1,0
FRA,France,1995,1,0,1,0
FRA,France,1996,1,0,1,0
FRA,France,1997,1,0,1,0
FRA,France,1998,1,0,1,0
FRA,France,1999,1,0,1,0
GBR,United Kingdom,1817,2,1,0,0
GBR,United Kingdom,1818,2,1,0,0
GBR,United Kingdom,1823,1,1,0,0
GBR,United Kingdom,1824,2,1,0,0
GBR,United Kingdom,1825,3,1,0,0
GBR,United Kingdom,1826,3,1,0,0
GBR,United Kingdom,1829,1,0,1,0
GBR,United Kingdom,1830,2,0,1,0
GBR,United Kingdom,1831,2,0,1,0
GBR,United Kingdom,1832,1,0,1,0
GBR,United Kingdom,1833,1,0,1,0
GBR,United Kingdom,1834,2,0,1,0
GBR,United Kingdom,1835,1,0,1,0
GBR,United Kingdom,1836,1,0,1,0
GBR,United Kingdom,1837,1,0,1,0
GBR,United Kingdom,1838,3,1,1,0
GBR,United Kingdom,1839,5,1,1,0
GBR,United Kingdom,1840,5,1,1,0
GBR,United Kingdom,1841,2,1,0,0
GBR,United Kingdom,1842,2,1,0,0
GBR,United Kingdom,1843,1,1,0,0
GBR,United Kingdom,1845,2,1,0,0
GBR,United Kingdom,1846,3,1,0,0
GBR,United Kingdom,1847,2,1,0,0
GBR,United Kingdom,1848,2,1,0,0
GBR,United Kingdom,1849,2,1,0,0
GBR,United Kingdom,1850,2,1,0,0
GBR,United Kingdom,1851,2,1,0,0
GBR,United Kingdom,1852,4,1,0,0
GBR,United Kingdom,1853,3,1,0,0
GBR,United Kingdom,1854,1,1,0,0
GBR,United Kingdom,1855,2,1,1,0
GBR,United Kingdom,1856,4,1,1,0
GBR,United Kingdom,1857,3,1,1,0
GBR,United Kingdom,1858,2,1,1,0
GBR,United Kingdom,1859,2,1,1,0
GBR,United Kingdom,1860,3,1,1,0
GBR,United Kingdom,1861,2,1,1,0
GBR,United Kingdom,1862,2,1,1,0
GBR,United Kingdom,1863,2,1,1,0
GBR,United Kingdom,1864,2,1,1,0
GBR,United Kingdom,1865,2,1,0,0
GBR,United Kingdom,1866,1,1,0,0
GBR,United Kingdom,1867,2,1,0,0
GBR,United Kingdom,1868,2,1,0,0
GBR,United Kingdom,1869,1,1,0,0
GBR,United Kingdom,1870,1,1,0,0
GBR,United Kingdom,1873,1,1,0,0
GBR,United Kingdom,1874,1,1,0,0
GBR,United Kingdom,1877,1,1,0,0
GBR,United Kingdom,1878,2,1,0,0
GBR,United Kingdom,1879,2,1,0,0
GBR,United Kingdom,1880,3,1,1,0
GBR,United Kingdom,1881,2,0,1,0
GBR,United Kingdom,1882,2,1,1,0
GBR,United Kingdom,1883,1,0,1,0
GBR,United Kingdom,1884,1,0,1,0
GBR,United Kingdom,1885,3,1,1,0
GBR,United Kingdom,1886,2,1,1,0
GBR,United Kingdom,1887,1,0,1,0
GBR,United Kingdom,1888,1,0,1,0
GBR,United Kingdom,1889,1,0,1,0
GBR,United Kingdom,1890,1,0,1,0
GBR,United Kingdom,1891,1,0,1,0
GBR,United Kingdom,1892,1,0,1,0
GBR,United Kingdom,1893,3,1,1,0
GBR,United Kingdom,1894,2,1,1,0
GBR,United Kingdom,1895,1,0,1,0
GBR,United Kingdom,1896,2,1,1,0
GBR,United Kingdom,1897,4,1,1,0
GBR,United Kingdom,1898,3,1,1,0
GBR,United Kingdom,1899,3,1,1,0
GBR,United Kingdom,1900,3,1,1,0
GBR,United Kingdom,1901,2,1,1,0
GBR,United Kingdom,1902,2,1,1,0
GBR,United Kingdom,1903,3,1,1,0
GBR,United Kingdom,1904,2,1,1,0
GBR,United Kingdom,1905,1,0,1,0
GBR,United Kingdom,1906,2,0,1,0
GBR,United Kingdom,1917,1,0,1,0
GBR,United Kingdom,1918,1,0,1,0
GBR,United Kingdom,1919,3,1,1,0
GBR,United Kingdom,1920,3,0,1,0
GBR,United Kingdom,1921,3,0,1,0
GBR,United Kingdom,1922,1,0,1,0
GBR,United Kingdom,1930,1,0,1,0
GBR,United Kingdom,1931,1,0,1,0
GBR,United Kingdom,1932,1,0,1,0
GBR,United Kingdom,1936,1,0,1,0
GBR,United Kingdom,1937,1,0,1,0
GBR,United Kingdom,1938,1,0,1,0
GBR,United Kingdom,1939,1,0,1,0
GBR,United Kingdom,1944,1,0,1,0
GBR,United Kingdom,1945,2,0,1,0
GBR,United Kingdom,1946,2,0,1,0
GBR,United Kingdom,1947,1,0,1,0
GBR,United Kingdom,1948,2,0,1,0
GBR,United Kingdom,1949,2,0,1,0
GBR,United Kingdom,1950,2,1,1,0
GBR,United Kingdom,1951,2,1,1,0
GBR,United Kingdom,1952,3,1,1,0
GBR,United Kingdom,1953,3,1,1,0
GBR,United Kingdom,1954,2,0,1,0
GBR,United Kingdom,1955,3,0,1,0
GBR,United Kingdom,1956,4,1,1,0
GBR,United Kingdom,1957,2,0,1,0
GBR,United Kingdom,1958,1,0,1,0
GBR,United Kingdom,1959,1,0,1,0
GBR,United Kingdom,1960,1,0,1,0
GBR,United Kingdom,1982,1,1,0,0
GBR,United Kingdom,1990,1,1,0,0
GBR,United Kingdom,1991,1,1,0,0
GBR,United Kingdom,1998,1,0,1,0
GBR,United Kingdom,1999,1,0,1,0
GEO,Georgia,1816,1,1,0,1
GEO,Georgia,1817,1,1,0,1
GEO,Georgia,1818,1,1,0,1
GEO,Georgia,1819,1,1,0,1
GEO,Georgia,1820,1,1,0,1
GEO,Georgia,1821,1,1,0,1
GEO,Georgia,1822,1,1,0,1
GEO,Georgia,1823,1,1,0,1
GEO,Georgia,1824,1,1,0,1
GEO,Georgia,1825,1,1,0,1
GEO,Georgia,1991,1,0,1,1
GEO,Georgia,1992,1,0,1,1
GEO,Georgia,1993,1,0,1,1
GEO,Georgia,1994,1,0,1,1
GHA,Ghana,1824,1,1,0,1
GHA,Ghana,1825,1,1,0,1
GHA,Ghana,1826,1,1,0,1
GHA,Ghana,1873,1,1,0,1
GHA,Ghana,1874,1,1,0,1
GHA,Ghana,1893,1,1,0,1
GHA,Ghana,1894,1,1,0,1
GIN,Guinea,1885,1,1,0,1
GIN,Guinea,1886,1,1,0,1
GIN,Guinea,1998,1,0,1,0
GNB,Guinea-Bissau,1998,1,0,1,1
GRC,Greece,1897,1,1,0,1
GRC,Greece,1912,1,1,0,1
GRC,Greece,1913,2,1,0,1
GRC,Greece,1919,1,1,0,0
GRC,Greece,1920,1,1,0,0
GRC,Greece,1921,1,1,0,0
GRC,Greece,1922,1,1,0,0
GRC,Greece,1944,1,0,1,1
GRC,Greece,1945,1,0,1,1
GRC,Greece,1946,1,0,1,1
GRC,Greece,1947,1,0,1,1
GRC,Greece,1948,1,0,1,1
GRC,Greece,1949,1,0,1,1
GRC,Greece,1950,1,1,0,0
GRC,Greece,1951,1,1,0,0
GRC,Greece,1952,1,1,0,0
GRC,Greece,1953,1,1,0,0
GRC,Greece,1998,1,0,1,0
GRC,Greece,1999,1,0,1,0
GTM,Guatemala,1876,1,1,0,1
GTM,Guatemala,1885,1,1,0,1
GTM,Guatemala,1906,1,1,0,0
GTM,Guatemala,1954,1,0,1,1
GTM,Guatemala,1966,1,0,1,1
GTM,Guatemala,1967,1,0,1,1
GTM,Guatemala,1968,1,0,1,1
GTM,Guatemala,1969,1,0,1,1
GTM,Guatemala,1970,2,0,1,1
GTM,Guatemala,1971,2,0,1,1
GTM,Guatemala,1972,1,0,1,1
GTM,Guatemala,1978,1,0,1,1
GTM,Guatemala,1979,1,0,1,1
GTM,Guatemala,1980,1,0,1,1
GTM,Guatemala,1981,1,0,1,1
GTM,Guatemala,1982,1,0,1,1
GTM,Guatemala,1983,1,0,1,1
GTM,Guatemala,1984,1,0,1,1
HND,Honduras,1906,1,1,0,1
HND,Honduras,1907,1,1,0,1
HND,Honduras,1924,1,0,1,1
HND,Honduras,1969,1,1,0,1
HRV,Croatia,1885,1,1,0,1
HRV,Croatia,1912,1,1,0,0
HRV,Croatia,1913,2,1,0,0
HRV,Croatia,1991,1,1,0,1
HRV,Croatia,1992,2,1,1,1
HRV,Croatia,1993,1,0,1,0
HRV,Croatia,1994,1,0,1,0
HRV,Croatia,1995,1,0,1,0
HRV,Croatia,1998,1,0,1,1
HRV,Croatia,1999,1,0,1,1
HTI,Haiti,1844,1,0,1,0
HUN,Hungary,1820,1,0,1,0
HUN,Hungary,1821,2,0,1,0
HUN,Hungary,1846,1,0,1,0
HUN,Hungary,1848,3,0,1,1
HUN,Hungary,1849,3,1,1,1
HUN,Hungary,1859,1,0,1,0
HUN,Hungary,1864,1,1,0,0
HUN,Hungary,1866,1,1,0,0
HUN,Hungary,1878,1,0,1,0
HUN,Hungary,1919,2,1,0,1
HUN,Hungary,1920,1,1,0,1
HUN,Hungary,1956,1,0,1,1
HUN,Hungary,1998,1,0,1,0
HUN,Hungary,1999,1,0,1,0
IDN,Indonesia,1873,1,1,0,1
IDN,Indonesia,1874,1,1,0,1
IDN,Indonesia,1875,1,1,0,1
IDN,Indonesia,1876,1,1,0,1
IDN,Indonesia,1877,1,1,0,1
IDN,Indonesia,1878,1,1,0,1
IDN,Indonesia,1894,1,1,0,1
IDN,Indonesia,1950,1,0,1,1
IDN,Indonesia,1953,1,0,1,1
IDN,Indonesia,1956,1,0,1,1
IDN,Indonesia,1957,1,0,1,1
IDN,Indonesia,1958,1,0,1,1
IDN,Indonesia,1959,1,0,1,1
IDN,Indonesia,1960,1,0,1,1
IDN,Indonesia,1975,1,0,1,1
IDN,Indonesia,1976,1,0,1,1
IDN,Indonesia,1977,1,0,1,1
IND,India,1817,1,1,0,1
IND,India,1818,1,1,0,1
IND,India,1825,1,1,0,1
IND,India,1826,1,1,0,1
IND,India,1836,1,1,0,0
IND,India,1841,1,1,0,0
IND,India,1845,1,1,0,1
IND,India,1846,1,1,0,1
IND,India,1848,1,1,0,1
IND,India,1849,1,1,0,1
IND,India,1852,1,0,1,0
IND,India,1948,2,1,1,1
IND,India,1949,1,1,0,1
IND,India,1962,1,1,0,1
IND,India,1965,1,1,0,1
IND,India,1971,1,1,0,1
IND,India,1983,1,0,1,0
IND,India,1984,1,0,1,0
IND,India,1985,2,0,1,1
IND,India,1986,2,0,1,1
IND,India,1987,2,0,1,1
IND,India,1988,2,0,1,1
IND,India,1989,2,0,1,1
IND,India,1990,2,0,1,1
IND,India,1991,2,0,1,1
IND,India,1992,2,0,1,1
IND,India,1993,2,0,1,1
IND,India,1994,2,0,1,1
IND,India,1995,2,0,1,1
IND,India,1996,2,0,1,1
IND,India,1997,2,0,1,1
IND,India,1998,2,0,1,1
IND,India,1999,3,1,1,1
IND,India,2000,2,0,1,1
IND,India,2001,2,0,1,1
IRN,Iran,1821,1,1,0,0
IRN,Iran,1822,1,1,0,0
IRN,Iran,1823,1,1,0,0
IRN,Iran,1826,1,1,0,1
IRN,Iran,1827,1,1,0,1
IRN,Iran,1828,1,1,0,1
IRN,Iran,1838,1,1,0,0
IRN,Iran,1856,1,1,0,1
IRN,Iran,1857,1,1,0,1
IRN,Iran,1908,1,0,1,1
IRN,Iran,1909,1,0,1,1
IRN,Iran,1974,1,0,1,0
IRN,Iran,1975,1,0,1,0
IRN,Iran,1978,1,0,1,1
IRN,Iran,1979,1,0,1,1
IRN,Iran,1980,1,1,0,1
IRN,Iran,1981,2,1,1,1
IRN,Iran,1982,2,1,1,1
IRN,Iran,1983,1,1,0,1
IRN,Iran,1984,1,1,0,1
IRN,Iran,1985,2,1,1,1
IRN,Iran,1986,2,1,1,1
IRN,Iran,1987,2,1,1,1
IRN,Iran,1988,2,1,1,1
IRN,Iran,1989,1,0,1,0
IRN,Iran,1990,1,0,1,0
IRN,Iran,1991,1,0,1,0
IRN,Iran,1992,1,0,1,0
IRN,Iran,1993,1,0,1,0
IRQ,Iraq,1948,1,1,0,0
IRQ,Iraq,1949,1,1,0,0
IRQ,Iraq,1959,1,0,1,1
IRQ,Iraq,1961,1,0,1,1
IRQ,Iraq,1962,1,0,1,1
IRQ,Iraq,1963,1,0,1,1
IRQ,Iraq,1973,1,1,0,0
IRQ,Iraq,1974,1,0,1,1
IRQ,Iraq,1975,1,0,1,1
IRQ,Iraq,1980,1,1,0,1
IRQ,Iraq,1981,1,1,0,1
IRQ,Iraq,1982,1,1,0,1
IRQ,Iraq,1983,1,1,0,1
IRQ,Iraq,1984,1,1,0,1
IRQ,Iraq,1985,2,1,1,1
IRQ,Iraq,1986,2,1,1,1
IRQ,Iraq,1987,2,1,1,1
IRQ,Iraq,1988,2,1,1,1
IRQ,Iraq,1989,1,0,1,1
IRQ,Iraq,1990,2,1,1,1
IRQ,Iraq,1991,2,1,1,1
IRQ,Iraq,1992,1,0,1,1
IRQ,Iraq,1993,1,0,1,1
IRQ,Iraq,1996,1,0,1,1
ISL,Iceland,1998,1,0,1,0
ISL,Iceland,1999,1,0,1,0
ISR,Israel,1948,1,1,0,1
ISR,Israel,1949,1,1,0,1
ISR,Israel,1956,1,1,0,1
ISR,Israel,1967,1,1,0,1
ISR,Israel,1969,1,1,0,0
ISR,Israel,1970,1,1,0,0
ISR,Israel,1973,1,1,0,1
ISR,Israel,1975,1,0,1,0
ISR,Israel,1976,1,0,1,0
ISR,Israel,1977,1,0,1,0
ISR,Israel,1978,1,0,1,0
ISR,Israel,1979,1,0,1,0
ISR,Israel,1980,1,0,1,0
ISR,Israel,1981,1,0,1,0
ISR,Israel,1982,2,1,1,0
ISR,Israel,1983,1,0,1,0
ISR,Israel,1984,1,0,1,0
ISR,Israel,1985,1,0,1,0
ISR,Israel,1986,1,0,1,0
ISR,Israel,1987,1,0,1,0
ISR,Israel,1988,1,0,1,0
ISR,Israel,1989,1,0,1,0
ISR,Israel,1990,1,0,1,0
ITA,Italy,1820,1,0,1,1
ITA,Italy,1821,2,0,1,1
ITA,Italy,1848,2,0,1,1
ITA,Italy,1849,3,1,1,1
ITA,Italy,1853,1,1,0,0
ITA,Italy,1854,1,1,0,0
ITA,Italy,1855,1,1,0,0
ITA,Italy,1856,1,1,0,0
ITA,Italy,1859,1,0,1,1
ITA,Italy,1860,2,1,0,1
ITA,Italy,1861,1,1,0,1
ITA,Italy,1866,1,1,0,1
ITA,Italy,1887,1,1,0,0
ITA,Italy,1895,1,1,0,0
ITA,Italy,1896,1,1,0,0
ITA,Italy,1911,1,1,0,0
ITA,Italy,1912,1,1,0,0
ITA,Italy,1920,1,1,0,0
ITA,Italy,1921,1,1,0,0
ITA,Italy,1922,1,1,0,0
ITA,Italy,1923,1,1,0,0
ITA,Italy,1924,1,1,0,0
ITA,Italy,1925,1,1,0,0
ITA,Italy,1926,1,1,0,0
ITA,Italy,1927,1,1,0,0
ITA,Italy,1928,1,1,0,0
ITA,Italy,1929,1,1,0,0
ITA,Italy,1930,1,1,0,0
ITA,Italy,1931,1,1,0,0
ITA,Italy,1932,1,1,0,0
ITA,Italy,1935,1,1,0,0
ITA,Italy,1936,2,1,1,0
ITA,Italy,1937,1,0,1,0
ITA,Italy,1938,1,0,1,0
ITA,Italy,1939,1,0,1,0
ITA,Italy,1982,1,0,1,0
ITA,Italy,1983,1,0,1,0
ITA,Italy,1984,1,0,1,0
ITA,Italy,1985,1,0,1,0
ITA,Italy,1986,1,0,1,0
ITA,Italy,1987,1,0,1,0
ITA,Italy,1988,1,0,1,0
ITA,Italy,1989,1,0,1,0
ITA,Italy,1990,2,1,1,0
ITA,Italy,1991,2,1,1,0
ITA,Italy,1992,1,0,1,0
ITA,Italy,1993,1,0,1,0
ITA,Italy,1994,1,0,1,0
ITA,Italy,1995,1,0,1,0
ITA,Italy,1996,1,0,1,0
ITA,Italy,1997,1,0,1,0
ITA,Italy,1998,1,0,1,0
ITA,Italy,1999,1,0,1,0
JOR,Jordan,1948,1,1,0,0
JOR,Jordan,1949,1,1,0,0
JOR,Jordan,1967,1,1,0,1
JOR,Jordan,1970,1,0,1,1
JOR,Jordan,1973,1,1,0,0
JPN,Japan,1877,1,0,1,1
JPN,Japan,1894,1,1,0,0
JPN,Japan,1895,2,1,1,0
JPN,Japan,1900,1,1,0,0
JPN,Japan,1904,1,1,0,0
JPN,Japan,1905,1,1,0,0
JPN,Japan,1917,1,0,1,0
JPN,Japan,1918,1,0,1,0
JPN,Japan,1919,1,0,1,0
JPN,Japan,1920,1,0,1,0
JPN,Japan,1921,1,0,1,0
JPN,Japan,1926,1,0,1,0
JPN,Japan,1927,1,0,1,0
JPN,Japan,1928,1,0,1,0
JPN,Japan,1931,1,1,0,0
JPN,Japan,1932,1,1,0,0
JPN,Japan,1933,1,1,0,0
JPN,Japan,1937,1,1,0,0
JPN,Japan,1938,2,1,0,0
JPN,Japan,1939,2,1,0,0
JPN,Japan,1940,1,1,0,0
JPN,Japan,1941,1,1,0,0
KHM,Cambodia,1831,1,1,0,1
KHM,Cambodia,1832,1,1,0,1
KHM,Cambodia,1833,1,1,0,1
KHM,Cambodia,1834,1,1,0,1
KHM,Cambodia,1965,1,1,0,0
KHM,Cambodia,1966,1,1,0,0
KHM,Cambodia,1967,1,1,0,0
KHM,Cambodia,1968,1,1,0,0
KHM,Cambodia,1969,1,1,0,0
KHM,Cambodia,1970,2,1,1,1
KHM,Cambodia,1971,2,1,1,1
KHM,Cambodia,1972,2,1,1,1
KHM,Cambodia,1973,2,1,1,1
KHM,Cambodia,1974,2,1,1,1
KHM,Cambodia,1975,3,1,1,1
KHM,Cambodia,1976,1,1,0,1
KHM,Cambodia,1977,1,1,0,1
KHM,Cambodia,1978,2,1,1,1
KHM,Cambodia,1979,2,1,1,1
KHM,Cambodia,1980,1,0,1,1
KHM,Cambodia,1981,1,0,1,1
KHM,Cambodia,1982,1,0,1,1
KHM,Cambodia,1983,1,0,1,1
KHM,Cambodia,1984,1,0,1,1
KHM,Cambodia,1985,1,0,1,1
KHM,Cambodia,1986,1,0,1,1
KHM,Cambodia,1987,1,0,1,1
KHM,Cambodia,1988,1,0,1,1
KHM,Cambodia,1989,1,0,1,1
KHM,Cambodia,1990,1,0,1,1
KHM,Cambodia,1991,1,0,1,1
KHM,Cambodia,1993,1,0,1,1
KHM,Cambodia,1994,1,0,1,1
KHM,Cambodia,1995,1,0,1,1
KHM,Cambodia,1996,1,0,1,1
KHM,Cambodia,1997,1,0,1,1
KOR,South Korea,1894,1,0,1,1
KOR,South Korea,1950,1,1,0,1
KOR,South Korea,1951,1,1,0,1
KOR,South Korea,1952,1,1,0,1
KOR,South Korea,1953,1,1,0,1
KOR,South Korea,1965,1,1,0,0
KOR,South Korea,1966,1,1,0,0
KOR,South Korea,1967,1,1,0,0
KOR,South Korea,1968,1,1,0,0
KOR,South Korea,1969,1,1,0,0
KOR,South Korea,1970,1,1,0,0
KOR,South Korea,1971,1,1,0,0
KOR,South Korea,1972,1,1,0,0
KOR,South Korea,1973,1,1,0,0
KOR,South Korea,1974,1,1,0,0
KOR,South Korea,1975,1,1,0,0
KWT,Kuwait,1990,1,1,0,1
KWT,Kuwait,1991,1,1,0,1
LAO,Laos,1960,1,0,1,1
LAO,Laos,1961,1,0,1,1
LAO,Laos,1962,1,0,1,1
LAO,Laos,1963,1,0,1,1
LAO,Laos,1964,1,0,1,1
LAO,Laos,1965,1,0,1,1
LAO,Laos,1966,1,0,1,1
LAO,Laos,1967,1,0,1,1
LAO,Laos,1968,1,0,1,1
LAO,Laos,1969,1,0,1,1
LAO,Laos,1970,1,0,1,1
LAO,Laos,1971,1,0,1,1
LAO,Laos,1972,1,0,1,1
LAO,Laos,1973,1,0,1,1
LBN,Lebanon,1948,1,1,0,0
LBN,Lebanon,1949,1,1,0,0
LBN,Lebanon,1958,1,0,1,1
LBN,Lebanon,1975,1,0,1,1
LBN,Lebanon,1976,1,0,1,1
LBN,Lebanon,1977,1,0,1,1
LBN,Lebanon,1978,1,0,1,1
LBN,Lebanon,1979,1,0,1,1
LBN,Lebanon,1980,1,0,1,1
LBN,Lebanon,1981,1,0,1,1
LBN,Lebanon,1982,1,0,1,1
LBN,Lebanon,1983,1,0,1,1
LBN,Lebanon,1984,1,0,1,1
LBN,Lebanon,1985,1,0,1,1
LBN,Lebanon,1986,1,0,1,1
LBN,Lebanon,1987,1,0,1,1
LBN,Lebanon,1988,1,0,1,1
LBN,Lebanon,1989,1,0,1,1
LBN,Lebanon,1990,1,0,1,1
LBR,Liberia,1989,1,0,1,1
LBR,Liberia,1990,1,0,1,1
LBR,Liberia,1992,1,0,1,1
LBR,Liberia,1993,1,0,1,1
LBR,Liberia,1994,1,0,1,1
LBR,Liberia,1995,1,0,1,1
LBR,Liberia,1996,1,0,1,1
LBY,Libya,1920,1,1,0,1
LBY,Libya,1921,1,1,0,1
LBY,Libya,1922,1,1,0,1
LBY,Libya,1923,1,1,0,1
LBY,Libya,1924,1,1,0,1
LBY,Libya,1925,1,1,0,1
LBY,Libya,1926,1,1,0,1
LBY,Libya,1927,1,1,0,1
LBY,Libya,1928,1,1,0,1
LBY,Libya,1929,1,1,0,1
LBY,Libya,1930,1,1,0,1
LBY,Libya,1931,1,1,0,1
LBY,Libya,1932,1,1,0,1
LBY,Libya,1978,1,1,0,0
LBY,Libya,1979,1,1,0,0
LBY,Libya,1980,1,0,1,0
LBY,Libya,1981,1,0,1,0
LBY,Libya,1982,1,0,1,0
LBY,Libya,1983,1,0,1,0
LBY,Libya,1984,1,0,1,0
LBY,Libya,1985,1,0,1,0
LBY,Libya,1986,1,0,1,0
LBY,Libya,1987,1,0,1,0
LBY,Libya,1988,1,0,1,0
LKA,Sri Lanka,1817,1,1,0,1
LKA,Sri Lanka,1818,1,1,0,1
LKA,Sri Lanka,1971,1,0,1,1
LKA,Sri Lanka,1983,1,0,1,1
LKA,Sri Lanka,1984,1,0,1,1
LKA,Sri Lanka,1985,1,0,1,1
LKA,Sri Lanka,1986,1,0,1,1
LKA,Sri Lanka,1987,2,0,1,1
LKA,Sri Lanka,1988,2,0,1,1
LKA,Sri Lanka,1989,2,0,1,1
LKA,Sri Lanka,1990,1,0,1,1
LKA,Sri Lanka,1991,1,0,1,1
LKA,Sri Lanka,1992,1,0,1,1
LKA,Sri Lanka,1993,1,0,1,1
LKA,Sri Lanka,1994,1,0,1,1
LKA,Sri Lanka,1995,1,0,1,1
LKA,Sri Lanka,1996,1,0,1,1
LKA,Sri Lanka,1997,1,0,1,1
LKA,Sri Lanka,1998,1,0,1,1
LKA,Sri Lanka,1999,1,0,1,1
LKA,Sri Lanka,2000,1,0,1,1
LKA,Sri Lanka,2001,1,0,1,1
LTU,Lithuania,1920,1,1,0,1
LUX,Luxembourg,1998,1,0,1,0
LUX,Luxembourg,1999,1,0,1,0
MAR,Morocco,1844,1,1,0,1
MAR,Morocco,1859,1,1,0,1
MAR,Morocco,1860,1,1,0,1
MAR,Morocco,1907,1,0,1,1
MAR,Morocco,1908,1,0,1,1
MAR,Morocco,1909,1,1,0,1
MAR,Morocco,1910,1,1,0,1
MAR,Morocco,1911,1,0,1,1
MAR,Morocco,1975,1,0,1,1
MAR,Morocco,1976,1,0,1,1
MAR,Morocco,1977,1,0,1,1
MAR,Morocco,1978,1,0,1,1
MAR,Morocco,1979,1,0,1,1
MAR,Morocco,1980,1,0,1,1
MAR,Morocco,1981,1,0,1,1
MAR,Morocco,1982,1,0,1,1
MAR,Morocco,1983,1,0,1,1
MAR,Morocco,1990,1,1,0,0
MAR,Morocco,1991,1,1,0,0
MDG,Madagascar,1883,1,1,0,1
MDG,Madagascar,1884,1,1,0,1
MDG,Madagascar,1885,1,1,0,1
MDG,Madagascar,1894,1,1,0,1
MDG,Madagascar,1895,1,1,0,1
MEX,Mexico,1832,1,0,1,1
MEX,Mexico,1835,1,0,1,1
MEX,Mexico,1836,1,0,1,1
MEX,Mexico,1846,1,1,0,1
MEX,Mexico,1847,2,1,1,1
MEX,Mexico,1848,2,1,1,1
MEX,Mexico,1849,1,0,1,1
MEX,Mexico,1850,1,0,1,1
MEX,Mexico,1851,1,0,1,1
MEX,Mexico,1852,1,0,1,1
MEX,Mexico,1853,1,0,1,1
MEX,Mexico,1854,1,0,1,1
MEX,Mexico,1855,1,0,1,1
MEX,Mexico,1858,1,0,1,1
MEX,Mexico,1859,1,0,1,1
MEX,Mexico,1860,1,0,1,1
MEX,Mexico,1861,1,0,1,1
MEX,Mexico,1862,1,1,0,1
MEX,Mexico,1863,1,1,0,1
MEX,Mexico,1864,1,1,0,1
MEX,Mexico,1865,1,1,0,1
MEX,Mexico,1866,1,1,0,1
MEX,Mexico,1867,1,1,0,1
MEX,Mexico,1876,1,0,1,1
MEX,Mexico,1910,1,0,1,1
MEX,Mexico,1911,1,0,1,1
MEX,Mexico,1912,1,0,1,1
MEX,Mexico,1913,1,0,1,1
MEX,Mexico,1914,1,0,1,1
MEX,Mexico,1915,1,0,1,1
MEX,Mexico,1916,1,0,1,1
MEX,Mexico,1917,1,0,1,1
MEX,Mexico,1918,1,0,1,1
MEX,Mexico,1919,1,0,1,1
MEX,Mexico,1920,1,0,1,1
MEX,Mexico,1923,1,0,1,1
MEX,Mexico,1924,1,0,1,1
MEX,Mexico,1926,1,0,1,1
MEX,Mexico,1927,1,0,1,1
MEX,Mexico,1928,1,0,1,1
MEX,Mexico,1929,2,0,1,1
MEX,Mexico,1930,1,0,1,1
MKD,North Macedonia,1885,1,1,0,1
MKD,North Macedonia,1912,1,1,0,0
MKD,North Macedonia,1913,2,1,0,0
MKD,North Macedonia,1991,1,1,0,0
MKD,North Macedonia,1992,2,1,1,0
MKD,North Macedonia,1993,1,0,1,0
MKD,North Macedonia,1994,1,0,1,0
MKD,North Macedonia,1995,1,0,1,0
MKD,North Macedonia,1998,1,0,1,1
MKD,North Macedonia,1999,1,0,1,1
MLI,Mali,1852,1,1,0,1
MLI,Mali,1853,1,1,0,1
MLI,Mali,1854,1,1,0,1
MLI,Mali,1855,1,1,0,1
MLI,Mali,1856,1,1,0,1
MLI,Mali,1857,1,1,0,1
MLI,Mali,1858,1,1,0,1
MLI,Mali,1859,1,1,0,1
MLI,Mali,1860,1,1,0,1
MLI,Mali,1861,1,1,0,1
MLI,Mali,1862,1,1,0,1
MLI,Mali,1891,1,1,0,1
MMR,Myanmar (Burma),1823,1,1,0,1
MMR,Myanmar (Burma),1824,1,1,0,1
MMR,Myanmar (Burma),1825,1,1,0,1
MMR,Myanmar (Burma),1826,1,1,0,1
MMR,Myanmar (Burma),1885,1,1,0,1
MMR,Myanmar (Burma),1886,1,1,0,1
MMR,Myanmar (Burma),1948,1,0,1,1
MMR,Myanmar (Burma),1949,1,0,1,1
MMR,Myanmar (Burma),1950,1,0,1,1
MMR,Myanmar (Burma),1951,1,0,1,1
MMR,Myanmar (Burma),1968,1,0,1,1
MMR,Myanmar (Burma),1969,1,0,1,1
MMR,Myanmar (Burma),1970,1,0,1,1
MMR,Myanmar (Burma),1971,1,0,1,1
MMR,Myanmar (Burma),1972,1,0,1,1
MMR,Myanmar (Burma),1973,1,0,1,1
MMR,Myanmar (Burma),1974,1,0,1,1
MMR,Myanmar (Burma),1975,1,0,1,1
MMR,Myanmar (Burma),1976,1,0,1,1
MMR,Myanmar (Burma),1977,1,0,1,1
MMR,Myanmar (Burma),1978,1,0,1,1
MMR,Myanmar (Burma),1979,1,0,1,1
MMR,Myanmar (Burma),1980,1,0,1,1
MMR,Myanmar (Burma),1983,1,0,1,1
MMR,Myanmar (Burma),1984,1,0,1,1
MMR,Myanmar (Burma),1985,1,0,1,1
MMR,Myanmar (Burma),1986,1,0,1,1
MMR,Myanmar (Burma),1987,1,0,1,1
MMR,Myanmar (Burma),1988,1,0,1,1
MMR,Myanmar (Burma),1989,1,0,1,1
MMR,Myanmar (Burma),1990,1,0,1,1
MMR,Myanmar (Burma),1991,1,0,1,1
MMR,Myanmar (Burma),1992,1,0,1,1
MMR,Myanmar (Burma),1993,1,0,1,1
MMR,Myanmar (Burma),1994,1,0,1,1
MMR,Myanmar (Burma),1995,1,0,1,1
MNE,Montenegro,1885,1,1,0,1
MNE,Montenegro,1912,1,1,0,0
MNE,Montenegro,1913,2,1,0,0
MNE,Montenegro,1991,1,1,0,0
MNE,Montenegro,1992,2,1,1,0
MNE,Montenegro,1993,1,0,1,0
MNE,Montenegro,1994,1,0,1,0
MNE,Montenegro,1995,1,0,1,0
MNE,Montenegro,1998,1,0,1,1
MNE,Montenegro,1999,1,0,1,1
MNG,Mongolia,1939,1,1,0,0
MOZ,Mozambique,1979,1,0,1,1
MOZ,Mozambique,1980,1,0,1,1
MOZ,Mozambique,1981,1,0,1,1
MOZ,Mozambique,1982,1,0,1,1
MOZ,Mozambique,1983,1,0,1,1
MOZ,Mozambique,1984,1,0,1,1
MOZ,Mozambique,1985,1,0,1,1
MOZ,Mozambique,1986,1,0,1,1
MOZ,Mozambique,1987,1,0,1,1
MOZ,Mozambique,1988,1,0,1,1
MOZ,Mozambique,1989,1,0,1,1
MOZ,Mozambique,1990,1,0,1,1
MOZ,Mozambique,1991,1,0,1,1
MOZ,Mozambique,1992,1,0,1,1
MRT,Mauritania,1975,1,0,1,0
MRT,Mauritania,1976,1,0,1,0
MRT,Mauritania,1977,1,0,1,0
MRT,Mauritania,1978,1,0,1,0
MRT,Mauritania,1979,1,0,1,0
MRT,Mauritania,1980,1,0,1,0
MRT,Mauritania,1981,1,0,1,0
MRT,Mauritania,1982,1,0,1,0
MRT,Mauritania,1983,1,0,1,0
NAM,Namibia,1998,1,0,1,0
NAM,Namibia,1999,1,0,1,0
NAM,Namibia,2000,1,0,1,0
NGA,Nigeria,1818,1,1,0,0
NGA,Nigeria,1819,1,1,0,0
NGA,Nigeria,1820,1,1,0,0
NGA,Nigeria,1821,1,1,0,0
NGA,Nigeria,1822,1,1,0,0
NGA,Nigeria,1823,1,1,0,0
NGA,Nigeria,1824,1,1,0,0
NGA,Nigeria,1825,1,1,0,0
NGA,Nigeria,1826,1,1,0,0
NGA,Nigeria,1827,1,1,0,0
NGA,Nigeria,1828,1,1,0,0
NGA,Nigeria,1829,1,1,0,0
NGA,Nigeria,1830,1,1,0,0
NGA,Nigeria,1831,1,1,0,0
NGA,Nigeria,1832,1,1,0,0
NGA,Nigeria,1833,1,1,0,0
NGA,Nigeria,1834,1,1,0,0
NGA,Nigeria,1835,1,1,0,0
NGA,Nigeria,1836,1,1,0,0
NGA,Nigeria,1837,1,1,0,0
NGA,Nigeria,1838,1,1,0,0
NGA,Nigeria,1839,1,1,0,0
NGA,Nigeria,1840,1,1,0,0
NGA,Nigeria,1893,2,1,1,1
NGA,Nigeria,1903,1,1,0,1
NGA,Nigeria,1967,1,0,1,1
NGA,Nigeria,1968,1,0,1,1
NGA,Nigeria,1969,1,0,1,1
NGA,Nigeria,1970,1,0,1,1
NGA,Nigeria,1980,1,0,1,1
NGA,Nigeria,1981,1,0,1,1
NGA,Nigeria,1982,1,0,1,0
NGA,Nigeria,1983,1,0,1,0
NGA,Nigeria,1984,2,0,1,1
NGA,Nigeria,1985,1,0,1,0
NGA,Nigeria,1986,1,0,1,0
NGA,Nigeria,1987,1,0,1,0
NGA,Nigeria,1988,1,0,1,0
NGA,Nigeria,1989,2,0,1,0
NGA,Nigeria,1990,2,0,1,0
NGA,Nigeria,1991,1,0,1,0
NGA,Nigeria,1992,2,0,1,0
NGA,Nigeria,1993,2,0,1,0
NGA,Nigeria,1994,2,0,1,0
NGA,Nigeria,1995,2,0,1,0
NGA,Nigeria,1996,1,0,1,0
NGA,Nigeria,1997,1,0,1,0
NIC,Nicaragua,1856,1,1,0,1
NIC,Nicaragua,1857,1,1,0,1
NIC,Nicaragua,1907,1,1,0,0
NIC,Nicaragua,1978,1,0,1,1
NIC,Nicaragua,1979,1,0,1,1
NIC,Nicaragua,1982,1,0,1,1
NIC,Nicaragua,1983,1,0,1,1
NIC,Nicaragua,1984,1,0,1,1
NIC,Nicaragua,1985,1,0,1,1
NIC,Nicaragua,1986,1,0,1,1
NIC,Nicaragua,1987,1,0,1,1
NIC,Nicaragua,1988,1,0,1,1
NIC,Nicaragua,1989,1,0,1,1
NIC,Nicaragua,1990,1,0,1,1
NLD,Netherlands,1825,1,0,1,0
NLD,Netherlands,1826,1,0,1,0
NLD,Netherlands,1827,1,0,1,0
NLD,Netherlands,1828,1,0,1,0
NLD,Netherlands,1829,1,0,1,0
NLD,Netherlands,1830,2,0,1,0
NLD,Netherlands,1831,1,0,1,0
NLD,Netherlands,1873,1,1,0,0
NLD,Netherlands,1874,1,1,0,0
NLD,Netherlands,1875,1,1,0,0
NLD,Netherlands,1876,1,1,0,0
NLD,Netherlands,1877,1,1,0,0
NLD,Netherlands,1878,1,1,0,0
NLD,Netherlands,1894,1,1,0,0
NLD,Netherlands,1945,1,0,1,0
NLD,Netherlands,1946,1,0,1,0
NLD,Netherlands,1950,1,1,0,0
NLD,Netherlands,1951,1,1,0,0
NLD,Netherlands,1952,1,1,0,0
NLD,Netherlands,1953,1,1,0,0
NLD,Netherlands,1998,1,0,1,0
NLD,Netherlands,1999,1,0,1,0
NOR,Norway,1998,1,0,1,0
NOR,Norway,1999,1,0,1,0
NPL,Nepal,1996,1,0,1,1
NPL,Nepal,1997,1,0,1,1
OMN,Oman,1990,1,1,0,0
OMN,Oman,1991,1,1,0,0
PAK,Pakistan,1836,1,1,0,1
PAK,Pakistan,1843,1,1,0,1
PAK,Pakistan,1845,1,1,0,0
PAK,Pakistan,1846,1,1,0,0
PAK,Pakistan,1848,1,1,0,1
PAK,Pakistan,1849,1,1,0,1
PAK,Pakistan,1948,1,1,0,1
PAK,Pakistan,1949,1,1,0,1
PAK,Pakistan,1965,1,1,0,1
PAK,Pakistan,1971,2,1,1,1
PAK,Pakistan,1973,1,0,1,1
PAK,Pakistan,1974,1,0,1,1
PAK,Pakistan,1975,1,0,1,1
PAK,Pakistan,1976,1,0,1,1
PAK,Pakistan,1977,1,0,1,1
PAK,Pakistan,1994,1,0,1,1
PAK,Pakistan,1995,1,0,1,1
PAK,Pakistan,1999,1,1,0,1
PER,Peru,1827,1,1,0,1
PER,Peru,1828,1,1,0,1
PER,Peru,1829,1,1,0,1
PER,Peru,1835,1,1,0,1
PER,Peru,1839,1,1,0,1
PER,Peru,1841,1,1,0,0
PER,Peru,1853,1,0,1,1
PER,Peru,1854,1,0,1,1
PER,Peru,1855,1,0,1,1
PER,Peru,1856,1,0,1,1
PER,Peru,1857,1,0,1,1
PER,Peru,1858,1,0,1,1
PER,Peru,1865,1,1,0,1
PER,Peru,1866,1,1,0,1
PER,Peru,1879,1,1,0,1
PER,Peru,1880,1,1,0,1
PER,Peru,1881,1,1,0,1
PER,Peru,1882,1,1,0,1
PER,Peru,1883,1,1,0,1
PER,Peru,1894,1,0,1,1
PER,Peru,1895,1,0,1,1
PER,Peru,1932,1,0,1,1
PER,Peru,1982,1,0,1,1
PER,Peru,1983,1,0,1,1
PER,Peru,1984,1,0,1,1
PER,Peru,1985,1,0,1,1
PER,Peru,1986,1,0,1,1
PER,Peru,1987,1,0,1,1
PER,Peru,1988,1,0,1,1
PER,Peru,1989,1,0,1,1
PER,Peru,1990,1,0,1,1
PER,Peru,1991,1,0,1,1
PER,Peru,1992,1,0,1,1
PER,Peru,1993,1,0,1,1
PER,Peru,1994,1,0,1,1
PER,Peru,1995,1,0,1,1
PHL,Philippines,1899,1,0,1,1
PHL,Philippines,1900,1,0,1,1
PHL,Philippines,1901,1,0,1,1
PHL,Philippines,1902,1,0,1,1
PHL,Philippines,1950,2,1,1,1
PHL,Philippines,1951,2,1,1,1
PHL,Philippines,1952,2,1,1,1
PHL,Philippines,1953,1,1,0,0
PHL,Philippines,1965,1,1,0,0
PHL,Philippines,1966,1,1,0,0
PHL,Philippines,1967,1,1,0,0
PHL,Philippines,1968,1,1,0,0
PHL,Philippines,1969,1,1,0,0
PHL,Philippines,1970,1,1,0,0
PHL,Philippines,1971,1,1,0,0
PHL,Philippines,1972,3,1,1,1
PHL,Philippines,1973,3,1,1,1
PHL,Philippines,1974,3,1,1,1
PHL,Philippines,1975,3,1,1,1
PHL,Philippines,1976,2,0,1,1
PHL,Philippines,1977,2,0,1,1
PHL,Philippines,1978,2,0,1,1
PHL,Philippines,1979,2,0,1,1
PHL,Philippines,1980,2,0,1,1
PHL,Philippines,1981,1,0,1,1
PHL,Philippines,1982,1,0,1,1
PHL,Philippines,1983,1,0,1,1
PHL,Philippines,1984,1,0,1,1
PHL,Philippines,1985,1,0,1,1
PHL,Philippines,1986,1,0,1,1
PHL,Philippines,1987,1,0,1,1
PHL,Philippines,1988,1,0,1,1
PHL,Philippines,1989,1,0,1,1
PHL,Philippines,1990,1,0,1,1
PHL,Philippines,1991,1,0,1,1
PHL,Philippines,1992,1,0,1,1
PHL,Philippines,2000,1,0,1,1
PHL,Philippines,2001,1,0,1,1
POL,Poland,1919,1,1,0,1
POL,Poland,1920,2,1,0,1
POL,Poland,1998,1,0,1,0
POL,Poland,1999,1,0,1,0
PRK,North Korea,1950,1,1,0,1
PRK,North Korea,1951,1,1,0,1
PRK,North Korea,1952,1,1,0,1
PRK,North Korea,1953,1,1,0,1
PRT,Portugal,1816,1,0,1,0
PRT,Portugal,1817,1,0,1,0
PRT,Portugal,1829,1,0,1,1
PRT,Portugal,1830,1,0,1,1
PRT,Portugal,1831,1,0,1,1
PRT,Portugal,1832,1,0,1,1
PRT,Portugal,1833,1,0,1,1
PRT,Portugal,1834,2,0,1,1
PRT,Portugal,1835,1,0,1,0
PRT,Portugal,1836,1,0,1,0
PRT,Portugal,1837,1,0,1,0
PRT,Portugal,1838,1,0,1,0
PRT,Portugal,1839,1,0,1,0
PRT,Portugal,1840,1,0,1,0
PRT,Portugal,1936,1,0,1,0
PRT,Portugal,1937,1,0,1,0
PRT,Portugal,1938,1,0,1,0
PRT,Portugal,1939,1,0,1,0
PRT,Portugal,1961,1,0,1,0
PRT,Portugal,1962,2,0,1,0
PRT,Portugal,1963,2,0,1,0
PRT,Portugal,1964,3,0,1,0
PRT,Portugal,1965,3,0,1,0
PRT,Portugal,1966,3,0,1,0
PRT,Portugal,1967,3,0,1,0
PRT,Portugal,1968,3,0,1,0
PRT,Portugal,1969,3,0,1,0
PRT,Portugal,1970,3,0,1,0
PRT,Portugal,1971,3,0,1,0
PRT,Portugal,1972,3,0,1,0
PRT,Portugal,1973,3,0,1,0
PRT,Portugal,1974,3,0,1,0
PRT,Portugal,1975,2,0,1,0
PRT,Portugal,1998,1,0,1,0
PRT,Portugal,1999,1,0,1,0
PRY,Paraguay,1864,1,1,0,1
PRY,Paraguay,1865,1,1,0,1
PRY,Paraguay,1866,1,1,0,1
PRY,Paraguay,1867,1,1,0,1
PRY,Paraguay,1868,1,1,0,1
PRY,Paraguay,1869,1,1,0,1
PRY,Paraguay,1870,1,1,0,1
PRY,Paraguay,1911,1,0,1,1
PRY,Paraguay,1912,1,0,1,1
PRY,Paraguay,1932,1,1,0,1
PRY,Paraguay,1933,1,1,0,1
PRY,Paraguay,1934,1,1,0,1
PRY,Paraguay,1935,1,1,0,1
PRY,Paraguay,1947,1,0,1,1
QAT,Qatar,1990,1,1,0,0
QAT,Qatar,1991,1,1,0,0
ROU,Romania,1907,1,0,1,1
ROU,Romania,1913,1,1,0,0
ROU,Romania,1919,1,1,0,0
ROU,Romania,1989,1,0,1,1
RUS,Russia,1816,1,1,0,0
RUS,Russia,1817,1,1,0,0
RUS,Russia,1818,1,1,0,0
RUS,Russia,1819,1,1,0,0
RUS,Russia,1820,1,1,0,0
RUS,Russia,1821,1,1,0,0
RUS,Russia,1822,1,1,0,0
RUS,Russia,1823,1,1,0,0
RUS,Russia,1824,1,1,0,0
RUS,Russia,1825,1,1,0,0
RUS,Russia,1826,1,1,0,0
RUS,Russia,1827,1,1,0,0
RUS,Russia,1828,2,1,0,1
RUS,Russia,1829,2,1,0,1
RUS,Russia,1830,1,1,0,1
RUS,Russia,1831,2,1,1,1
RUS,Russia,1832,1,1,0,1
RUS,Russia,1833,1,1,0,1
RUS,Russia,1834,1,1,0,1
RUS,Russia,1835,1,1,0,1
RUS,Russia,1836,1,1,0,1
RUS,Russia,1837,1,1,0,1
RUS,Russia,1838,1,1,0,1
RUS,Russia,1839,2,1,0,1
RUS,Russia,1840,1,1,0,1
RUS,Russia,1848,1,0,1,0
RUS,Russia,1849,1,0,1,0
RUS,Russia,1853,1,1,0,1
RUS,Russia,1854,1,1,0,1
RUS,Russia,1855,1,1,0,1
RUS,Russia,1856,1,1,0,1
RUS,Russia,1863,1,0,1,0
RUS,Russia,1864,2,1,1,0
RUS,Russia,1865,1,1,0,0
RUS,Russia,1866,1,1,0,0
RUS,Russia,1875,1,0,1,0
RUS,Russia,1876,1,0,1,0
RUS,Russia,1877,1,1,0,0
RUS,Russia,1878,2,1,0,0
RUS,Russia,1879,1,1,0,0
RUS,Russia,1880,1,1,0,0
RUS,Russia,1881,2,1,0,0
RUS,Russia,1885,1,1,0,0
RUS,Russia,1900,2,1,0,1
RUS,Russia,1904,1,1,0,0
RUS,Russia,1905,2,1,1,1
RUS,Russia,1906,1,0,1,1
RUS,Russia,1908,1,0,1,0
RUS,Russia,1909,1,0,1,0
RUS,Russia,1916,2,0,1,0
RUS,Russia,1917,3,0,1,1
RUS,Russia,1918,2,0,1,1
RUS,Russia,1919,3,1,1,1
RUS,Russia,1920,4,1,1,1
RUS,Russia,1921,3,0,1,1
RUS,Russia,1929,1,1,0,0
RUS,Russia,1931,1,0,1,0
RUS,Russia,1932,1,0,1,0
RUS,Russia,1933,1,0,1,0
RUS,Russia,1934,1,0,1,0
RUS,Russia,1938,1,1,0,1
RUS,Russia,1939,2,1,0,0
RUS,Russia,1940,1,1,0,0
RUS,Russia,1956,1,0,1,0
RUS,Russia,1978,1,0,1,0
RUS,Russia,1979,1,0,1,0
RUS,Russia,1980,1,0,1,0
RUS,Russia,1981,1,0,1,0
RUS,Russia,1982,1,0,1,0
RUS,Russia,1983,1,0,1,0
RUS,Russia,1984,1,0,1,0
RUS,Russia,1985,1,0,1,0
RUS,Russia,1986,1,0,1,0
RUS,Russia,1987,1,0,1,0
RUS,Russia,1988,1,0,1,0
RUS,Russia,1989,1,0,1,0
RUS,Russia,1990,1,0,1,0
RUS,Russia,1991,1,0,1,0
RUS,Russia,1992,1,0,1,0
RUS,Russia,1994,1,0,1,1
RUS,Russia,1995,1,0,1,1
RUS,Russia,1996,1,0,1,1
RWA,Rwanda,1963,1,0,1,1
RWA,Rwanda,1964,1,0,1,1
RWA,Rwanda,1990,1,0,1,1
RWA,Rwanda,1991,1,0,1,1
RWA,Rwanda,1992,1,0,1,1
RWA,Rwanda,1993,1,0,1,1
RWA,Rwanda,1994,1,0,1,1
RWA,Rwanda,1996,1,0,1,0
RWA,Rwanda,1997,1,0,1,0
RWA,Rwanda,1998,2,0,1,1
RWA,Rwanda,1999,2,0,1,1
RWA,Rwanda,2000,2,0,1,1
RWA,Rwanda,2001,1,0,1,1
SAU,Saudi Arabia,1816,1,1,0,1
SAU,Saudi Arabia,1817,1,1,0,1
SAU,Saudi Arabia,1818,1,1,0,1
SAU,Saudi Arabia,1929,1,0,1,1
SAU,Saudi Arabia,1930,1,0,1,1
SAU,Saudi Arabia,1934,1,1,0,0
SAU,Saudi Arabia,1973,1,1,0,0
SAU,Saudi Arabia,1990,1,1,0,0
SAU,Saudi Arabia,1991,1,1,0,0
SDN,Sudan,1820,1,1,0,1
SDN,Sudan,1889,1,1,0,0
SDN,Sudan,1896,1,1,0,1
SDN,Sudan,1897,1,1,0,1
SDN,Sudan,1898,1,1,0,1
SDN,Sudan,1899,1,1,0,1
SDN,Sudan,1963,1,0,1,1
SDN,Sudan,1964,1,0,1,1
SDN,Sudan,1965,1,0,1,1
SDN,Sudan,1966,1,0,1,1
SDN,Sudan,1967,1,0,1,1
SDN,Sudan,1968,1,0,1,1
SDN,Sudan,1969,1,0,1,1
SDN,Sudan,1970,1,0,1,1
SDN,Sudan,1971,1,0,1,1
SDN,Sudan,1972,1,0,1,1
SDN,Sudan,1983,1,0,1,1
SDN,Sudan,1984,1,0,1,1
SDN,Sudan,1985,1,0,1,1
SDN,Sudan,1986,1,0,1,1
SDN,Sudan,1987,1,0,1,1
SDN,Sudan,1988,1,0,1,1
SDN,Sudan,1989,1,0,1,1
SDN,Sudan,1990,1,0,1,1
SDN,Sudan,1991,1,0,1,1
SDN,Sudan,1992,1,0,1,1
SDN,Sudan,1993,1,0,1,1
SDN,Sudan,1994,1,0,1,1
SDN,Sudan,1995,1,0,1,1
SDN,Sudan,1996,1,0,1,1
SDN,Sudan,1997,1,0,1,1
SDN,Sudan,1998,1,0,1,1
SDN,Sudan,1999,1,0,1,1
SDN,Sudan,2000,1,0,1,1
SDN,Sudan,2001,1,0,1,1
SEN,Senegal,1857,1,1,0,1
SEN,Senegal,1890,1,1,0,1
SEN,Senegal,1891,1,1,0,1
SEN,Senegal,1998,1,0,1,0
SLE,Sierra Leone,1991,1,0,1,1
SLE,Sierra Leone,1992,1,0,1,1
SLE,Sierra Leone,1993,1,0,1,1
SLE,Sierra Leone,1994,1,0,1,1
SLE,Sierra Leone,1995,1,0,1,1
SLE,Sierra Leone,1996,1,0,1,1
SLE,Sierra Leone,1998,1,0,1,1
SLE,Sierra Leone,1999,1,0,1,1
SLE,Sierra Leone,2000,1,0,1,1
SLV,El Salvador,1876,1,1,0,1
SLV,El Salvador,1885,1,1,0,1
SLV,El Salvador,1906,1,1,0,1
SLV,El Salvador,1907,1,1,0,0
SLV,El Salvador,1932,1,0,1,1
SLV,El Salvador,1969,1,1,0,1
SLV,El Salvador,1979,1,0,1,1
SLV,El Salvador,1980,1,0,1,1
SLV,El Salvador,1981,1,0,1,1
SLV,El Salvador,1982,1,0,1,1
SLV,El Salvador,1983,1,0,1,1
SLV,El Salvador,1984,1,0,1,1
SLV,El Salvador,1985,1,0,1,1
SLV,El Salvador,1986,1,0,1,1
SLV,El Salvador,1987,1,0,1,1
SLV,El Salvador,1988,1,0,1,1
SLV,El Salvador,1989,1,0,1,1
SLV,El Salvador,1990,1,0,1,1
SLV,El Salvador,1991,1,0,1,1
SLV,El Salvador,1992,1,0,1,1
SOM,Somalia,1976,1,0,1,0
SOM,Somalia,1977,2,1,1,1
SOM,Somalia,1978,2,1,1,1
SOM,Somalia,1979,1,0,1,0
SOM,Somalia,1980,1,0,1,0
SOM,Somalia,1981,1,0,1,0
SOM,Somalia,1982,2,0,1,1
SOM,Somalia,1983,2,0,1,1
SOM,Somalia,1984,1,0,1,1
SOM,Somalia,1985,1,0,1,1
SOM,Somalia,1986,1,0,1,1
SOM,Somalia,1987,1,0,1,1
SOM,Somalia,1988,1,0,1,1
SOM,Somalia,1989,1,0,1,1
SOM,Somalia,1990,1,0,1,1
SOM,Somalia,1991,1,0,1,1
SOM,Somalia,1992,1,0,1,1
SOM,Somalia,1993,1,0,1,1
SOM,Somalia,1994,1,0,1,1
SOM,Somalia,1995,1,0,1,1
SOM,Somalia,1996,1,0,1,1
SOM,Somalia,1997,1,0,1,1
SRB,Serbia,1885,1,1,0,1
SRB,Serbia,1912,1,1,0,0
SRB,Serbia,1913,2,1,0,0
SRB,Serbia,1991,1,1,0,0
SRB,Serbia,1992,2,1,1,0
SRB,Serbia,1993,1,0,1,0
SRB,Serbia,1994,1,0,1,0
SRB,Serbia,1995,1,0,1,0
SRB,Serbia,1998,1,0,1,1
SRB,Serbia,1999,1,0,1,1
SVK,Slovakia,1919,1,1,0,1
SVN,Slovenia,1885,1,1,0,1
SVN,Slovenia,1912,1,1,0,0
SVN,Slovenia,1913,2,1,0,0
SVN,Slovenia,1991,1,1,0,0
SVN,Slovenia,1992,2,1,1,0
SVN,Slovenia,1993,1,0,1,0
SVN,Slovenia,1994,1,0,1,0
SVN,Slovenia,1995,1,0,1,0
SVN,Slovenia,1998,1,0,1,1
SVN,Slovenia,1999,1,0,1,1
SYR,Syria,1920,1,1,0,1
SYR,Syria,1948,1,1,0,0
SYR,Syria,1949,1,1,0,0
SYR,Syria,1967,1,1,0,1
SYR,Syria,1970,1,0,1,1
SYR,Syria,1973,1,1,0,1
SYR,Syria,1975,1,0,1,0
SYR,Syria,1976,1,0,1,0
SYR,Syria,1977,1,0,1,0
SYR,Syria,1978,1,0,1,0
SYR,Syria,1979,1,0,1,0
SYR,Syria,1980,1,0,1,0
SYR,Syria,1981,1,0,1,0
SYR,Syria,1982,2,1,1,0
SYR,Syria,1983,1,0,1,0
SYR,Syria,1984,1,0,1,0
SYR,Syria,1985,1,0,1,0
SYR,Syria,1986,1,0,1,0
SYR,Syria,1987,1,0,1,0
SYR,Syria,1988,1,0,1,0
SYR,Syria,1989,1,0,1,0
SYR,Syria,1990,2,1,1,0
SYR,Syria,1991,1,1,0,0
TCD,Chad,1966,1,0,1,1
TCD,Chad,1967,1,0,1,1
TCD,Chad,1968,1,0,1,1
TCD,Chad,1969,1,0,1,1
TCD,Chad,1970,1,0,1,1
TCD,Chad,1971,1,0,1,1
TCD,Chad,1980,1,0,1,1
TCD,Chad,1981,1,0,1,1
TCD,Chad,1982,1,0,1,1
TCD,Chad,1983,1,0,1,1
TCD,Chad,1984,1,0,1,1
TCD,Chad,1985,1,0,1,1
TCD,Chad,1986,1,0,1,1
TCD,Chad,1987,1,0,1,1
TCD,Chad,1988,1,0,1,1
TCD,Chad,1998,1,0,1,0
TCD,Chad,1999,1,0,1,0
TCD,Chad,2000,1,0,1,0
THA,Thailand,1826,1,0,1,1
THA,Thailand,1827,1,0,1,1
THA,Thailand,1828,1,0,1,1
THA,Thailand,1831,1,1,0,0
THA,Thailand,1832,1,1,0,0
THA,Thailand,1833,1,1,0,0
THA,Thailand,1834,1,1,0,0
THA,Thailand,1841,1,1,0,0
THA,Thailand,1842,1,1,0,0
THA,Thailand,1843,1,1,0,0
THA,Thailand,1844,1,1,0,0
THA,Thailand,1845,1,1,0,0
THA,Thailand,1893,1,1,0,1
THA,Thailand,1940,1,1,0,0
THA,Thailand,1941,1,1,0,0
THA,Thailand,1950,1,1,0,0
THA,Thailand,1951,1,1,0,0
THA,Thailand,1952,1,1,0,0
THA,Thailand,1953,1,1,0,0
THA,Thailand,1965,1,1,0,0
THA,Thailand,1966,1,1,0,0
THA,Thailand,1967,1,1,0,0
THA,Thailand,1968,1,1,0,0
THA,Thailand,1969,1,1,0,0
THA,Thailand,1970,2,1,1,1
THA,Thailand,1971,2,1,1,1
THA,Thailand,1972,2,1,1,1
THA,Thailand,1973,2,1,1,1
THA,Thailand,1974,1,1,0,0
THA,Thailand,1975,1,1,0,0
TJK,Tajikistan,1864,1,1,0,0
TJK,Tajikistan,1865,1,1,0,0
TJK,Tajikistan,1866,1,1,0,0
TJK,Tajikistan,1992,1,0,1,1
TJK,Tajikistan,1993,1,0,1,1
TJK,Tajikistan,1994,1,0,1,1
TJK,Tajikistan,1995,1,0,1,1
TJK,Tajikistan,1996,1,0,1,1
TJK,Tajikistan,1997,1,0,1,1
TUN,Tunisia,1881,1,1,0,1
TUN,Tunisia,1882,1,1,0,1
TUR,Turkey,1821,2,1,1,1
TUR,Turkey,1822,2,1,1,1
TUR,Turkey,1823,2,1,1,1
TUR,Turkey,1824,1,0,1,0
TUR,Turkey,1825,1,0,1,0
TUR,Turkey,1826,2,0,1,1
TUR,Turkey,1827,1,0,1,0
TUR,Turkey,1828,2,1,1,1
TUR,Turkey,1829,1,1,0,1
TUR,Turkey,1830,1,0,1,0
TUR,Turkey,1831,2,1,1,0
TUR,Turkey,1832,1,1,0,0
TUR,Turkey,1836,1,0,1,0
TUR,Turkey,1837,1,0,1,0
TUR,Turkey,1839,1,1,0,0
TUR,Turkey,1840,1,1,0,0
TUR,Turkey,1841,1,0,1,0
TUR,Turkey,1852,1,0,1,0
TUR,Turkey,1853,2,1,1,0
TUR,Turkey,1854,1,1,0,0
TUR,Turkey,1855,1,1,0,0
TUR,Turkey,1856,1,1,0,0
TUR,Turkey,1858,1,0,1,0
TUR,Turkey,1859,1,0,1,0
TUR,Turkey,1862,1,0,1,0
TUR,Turkey,1866,1,0,1,0
TUR,Turkey,1867,1,0,1,0
TUR,Turkey,1875,2,0,1,0
TUR,Turkey,1876,2,0,1,0
TUR,Turkey,1877,3,1,1,1
TUR,Turkey,1878,1,1,0,1
TUR,Turkey,1888,1,0,1,0
TUR,Turkey,1889,1,0,1,0
TUR,Turkey,1896,2,0,1,0
TUR,Turkey,1897,2,1,1,0
TUR,Turkey,1903,1,0,1,0
TUR,Turkey,1911,1,1,0,0
TUR,Turkey,1912,2,1,0,1
TUR,Turkey,1913,2,1,0,1
TUR,Turkey,1919,2,1,0,1
TUR,Turkey,1920,2,1,0,1
TUR,Turkey,1921,2,1,0,1
TUR,Turkey,1922,1,1,0,1
TUR,Turkey,1950,1,1,0,0
TUR,Turkey,1951,1,1,0,0
TUR,Turkey,1952,1,1,0,0
TUR,Turkey,1953,1,1,0,0
TUR,Turkey,1974,1,1,0,0
TUR,Turkey,1991,1,0,1,1
TUR,Turkey,1992,1,0,1,1
TUR,Turkey,1993,1,0,1,1
TUR,Turkey,1994,1,0,1,1
TUR,Turkey,1995,1,0,1,1
TUR,Turkey,1996,1,0,1,1
TUR,Turkey,1997,1,0,1,1
TUR,Turkey,1998,2,0,1,1
TUR,Turkey,1999,2,0,1,1
TZA,Tanzania,1978,1,1,0,1
TZA,Tanzania,1979,2,1,1,1
TZA,Tanzania,1980,1,0,1,0
TZA,Tanzania,1981,1,0,1,0
TZA,Tanzania,1982,1,0,1,0
TZA,Tanzania,1983,1,0,1,0
TZA,Tanzania,1984,1,0,1,0
TZA,Tanzania,1985,1,0,1,0
TZA,Tanzania,1986,1,0,1,0
TZA,Tanzania,1987,1,0,1,0
TZA,Tanzania,1988,1,0,1,0
TZA,Tanzania,1989,1,0,1,0
TZA,Tanzania,1990,1,0,1,0
TZA,Tanzania,1991,1,0,1,0
TZA,Tanzania,1992,1,0,1,0
UGA,Uganda,1888,1,0,1,1
UGA,Uganda,1889,1,0,1,1
UGA,Uganda,1890,1,0,1,1
UGA,Uganda,1891,1,0,1,1
UGA,Uganda,1892,1,0,1,1
UGA,Uganda,1966,1,0,1,1
UGA,Uganda,1978,1,1,0,1
UGA,Uganda,1979,1,1,0,1
UGA,Uganda,1980,1,0,1,1
UGA,Uganda,1981,1,0,1,1
UGA,Uganda,1982,1,0,1,1
UGA,Uganda,1983,1,0,1,1
UGA,Uganda,1984,1,0,1,1
UGA,Uganda,1985,1,0,1,1
UGA,Uganda,1986,1,0,1,1
UGA,Uganda,1987,1,0,1,1
UGA,Uganda,1988,1,0,1,1
UGA,Uganda,1996,2,0,1,1
UGA,Uganda,1997,2,0,1,1
UGA,Uganda,1998,2,0,1,1
UGA,Uganda,1999,2,0,1,1
UGA,Uganda,2000,2,0,1,1
UGA,Uganda,2001,1,0,1,1
URY,Uruguay,1839,1,0,1,1
URY,Uruguay,1840,1,0,1,1
URY,Uruguay,1841,1,0,1,1
URY,Uruguay,1842,1,0,1,1
URY,Uruguay,1852,1,1,0,1
URY,Uruguay,1904,1,0,1,1
USA,United States,1846,1,1,0,1
USA,United States,1847,1,1,0,1
USA,United States,1848,1,1,0,1
USA,United States,1861,1,0,1,1
USA,United States,1862,1,0,1,1
USA,United States,1863,1,0,1,1
USA,United States,1864,1,0,1,1
USA,United States,1865,1,0,1,1
USA,United States,1876,1,0,1,1
USA,United States,1898,1,1,0,0
USA,United States,1899,1,0,1,0
USA,United States,1900,2,1,1,0
USA,United States,1901,1,0,1,0
USA,United States,1902,1,0,1,0
USA,United States,1917,1,0,1,0
USA,United States,1918,2,0,1,0
USA,United States,1919,2,0,1,0
USA,United States,1920,2,0,1,0
USA,United States,1921,1,0,1,0
USA,United States,1950,1,1,0,0
USA,United States,1951,1,1,0,0
USA,United States,1952,1,1,0,0
USA,United States,1953,1,1,0,0
USA,United States,1958,1,0,1,0
USA,United States,1960,1,0,1,0
USA,United States,1961,1,0,1,0
USA,United States,1962,1,0,1,0
USA,United States,1963,2,0,1,0
USA,United States,1964,2,0,1,0
USA,United States,1965,4,1,1,0
USA,United States,1966,2,1,1,0
USA,United States,1967,2,1,1,0
USA,United States,1968,2,1,1,0
USA,United States,1969,2,1,1,0
USA,United States,1970,3,1,1,0
USA,United States,1971,3,1,1,0
USA,United States,1972,3,1,1,0
USA,United States,1973,3,1,1,0
USA,United States,1974,2,1,1,0
USA,United States,1975,2,1,1,0
USA,United States,1982,1,0,1,0
USA,United States,1983,1,0,1,0
USA,United States,1984,1,0,1,0
USA,United States,1985,1,0,1,0
USA,United States,1986,1,0,1,0
USA,United States,1987,1,0,1,0
USA,United States,1988,1,0,1,0
USA,United States,1989,1,0,1,0
USA,United States,1990,2,1,1,0
USA,United States,1991,2,1,1,0
USA,United States,1992,1,0,1,0
USA,United States,1993,1,0,1,0
USA,United States,1994,1,0,1,0
USA,United States,1995,1,0,1,0
USA,United States,1996,1,0,1,0
USA,United States,1997,1,0,1,0
USA,United States,1998,1,0,1,0
USA,United States,1999,1,0,1,0
UZB,Uzbekistan,1839,1,1,0,1
UZB,Uzbekistan,1864,1,1,0,1
UZB,Uzbekistan,1865,1,1,0,1
UZB,Uzbekistan,1866,1,1,0,1
VAT,Vatican City,1849,1,1,0,0
VAT,Vatican City,1860,1,1,0,0
VEN,Venezuela,1859,1,0,1,1
VEN,Venezuela,1860,1,0,1,1
VEN,Venezuela,1861,1,0,1,1
VEN,Venezuela,1862,1,0,1,1
VEN,Venezuela,1863,1,0,1,1
VEN,Venezuela,1868,1,0,1,1
VEN,Venezuela,1869,1,0,1,1
VEN,Venezuela,1870,1,0,1,1
VEN,Venezuela,1871,1,0,1,1
VEN,Venezuela,1899,1,0,1,1
VEN,Venezuela,1901,1,0,1,1
VEN,Venezuela,1902,1,0,1,1
VEN,Venezuela,1903,1,0,1,1
VNM,Vietnam,1841,1,1,0,0
VNM,Vietnam,1842,1,1,0,0
VNM,Vietnam,1843,1,1,0,0
VNM,Vietnam,1844,1,1,0,0
VNM,Vietnam,1845,1,1,0,0
VNM,Vietnam,1858,1,1,0,1
VNM,Vietnam,1859,1,1,0,1
VNM,Vietnam,1860,1,1,0,1
VNM,Vietnam,1861,1,1,0,1
VNM,Vietnam,1862,1,1,0,1
VNM,Vietnam,1873,1,1,0,1
VNM,Vietnam,1874,1,1,0,1
VNM,Vietnam,1875,1,1,0,1
VNM,Vietnam,1876,1,1,0,1
VNM,Vietnam,1877,1,1,0,1
VNM,Vietnam,1878,1,1,0,1
VNM,Vietnam,1879,1,1,0,1
VNM,Vietnam,1880,1,1,0,1
VNM,Vietnam,1881,1,1,0,1
VNM,Vietnam,1882,2,1,0,1
VNM,Vietnam,1883,2,1,0,1
VNM,Vietnam,1884,2,1,0,1
VNM,Vietnam,1885,1,1,0,1
VNM,Vietnam,1960,1,0,1,1
VNM,Vietnam,1961,1,0,1,1
VNM,Vietnam,1962,1,0,1,1
VNM,Vietnam,1963,2,0,1,1
VNM,Vietnam,1964,2,0,1,1
VNM,Vietnam,1965,3,1,1,1
VNM,Vietnam,1966,2,1,1,1
VNM,Vietnam,1967,2,1,1,1
VNM,Vietnam,1968,2,1,1,1
VNM,Vietnam,1969,2,1,1,1
VNM,Vietnam,1970,3,1,1,1
VNM,Vietnam,1971,3,1,1,1
VNM,Vietnam,1972,3,1,1,1
VNM,Vietnam,1973,3,1,1,1
VNM,Vietnam,1974,2,1,1,1
VNM,Vietnam,1975,3,1,1,1
VNM,Vietnam,1976,1,1,0,1
VNM,Vietnam,1977,1,1,0,1
VNM,Vietnam,1978,2,1,1,1
VNM,Vietnam,1979,3,1,1,1
VNM,Vietnam,1980,1,0,1,0
VNM,Vietnam,1981,1,0,1,0
VNM,Vietnam,1982,1,0,1,0
VNM,Vietnam,1983,1,0,1,0
VNM,Vietnam,1984,1,0,1,0
VNM,Vietnam,1985,1,0,1,0
VNM,Vietnam,1986,1,0,1,0
VNM,Vietnam,1987,2,1,1,1
VNM,Vietnam,1988,1,0,1,0
VNM,Vietnam,1989,1,0,1,0
VNM,Vietnam,1990,1,0,1,0
VNM,Vietnam,1991,1,0,1,0
YEM,Yemen,1934,1,1,0,1
YEM,Yemen,1948,1,0,1,1
YEM,Yemen,1962,1,0,1,1
YEM,Yemen,1963,1,0,1,1
YEM,Yemen,1964,1,0,1,1
YEM,Yemen,1965,1,0,1,1
YEM,Yemen,1966,1,0,1,1
YEM,Yemen,1967,1,0,1,1
YEM,Yemen,1968,1,0,1,1
YEM,Yemen,1969,1,0,1,1
YEM,Yemen,1986,1,0,1,1
YEM,Yemen,1994,1,0,1,1
ZAF,South Africa,1818,1,0,1,1
ZAF,South Africa,1819,1,0,1,1
ZAF,South Africa,1820,1,0,1,1
ZAF,South Africa,1821,1,0,1,1
ZAF,South Africa,1822,1,0,1,1
ZAF,South Africa,1823,1,0,1,1
ZAF,South Africa,1824,1,0,1,1
ZAF,South Africa,1825,1,0,1,1
ZAF,South Africa,1826,1,0,1,1
ZAF,South Africa,1827,1,0,1,1
ZAF,South Africa,1828,1,0,1,1
ZAF,South Africa,1836,1,0,1,1
ZAF,South Africa,1837,1,0,1,1
ZAF,South Africa,1838,1,1,0,1
ZAF,South Africa,1839,1,1,0,1
ZAF,South Africa,1840,1,1,0,1
ZAF,South Africa,1854,1,0,1,1
ZAF,South Africa,1856,1,0,1,1
ZAF,South Africa,1879,1,1,0,1
ZAF,South Africa,1899,1,1,0,1
ZAF,South Africa,1900,1,1,0,1
ZAF,South Africa,1901,1,1,0,1
ZAF,South Africa,1902,1,1,0,1
ZAF,South Africa,1975,2,0,1,0
ZAF,South Africa,1976,2,0,1,0
ZAF,South Africa,1977,2,0,1,0
ZAF,South Africa,1978,2,0,1,0
ZAF,South Africa,1979,2,0,1,0
ZAF,South Africa,1980,2,0,1,0
ZAF,South Africa,1981,2,0,1,0
ZAF,South Africa,1982,2,0,1,0
ZAF,South Africa,1983,2,0,1,0
ZAF,South Africa,1984,2,0,1,0
ZAF,South Africa,1985,2,0,1,0
ZAF,South Africa,1986,2,0,1,0
ZAF,South Africa,1987,2,0,1,0
ZAF,South Africa,1988,2,0,1,0
ZAF,South Africa,1989,1,0,1,0
ZAF,South Africa,1990,1,0,1,0
ZAF,South Africa,1991,1,0,1,0
ZWE,Zimbabwe,1893,1,1,0,1
ZWE,Zimbabwe,1896,1,0,1,1
ZWE,Zimbabwe,1897,1,0,1,1
ZWE,Zimbabwe,1972,1,0,1,1
ZWE,Zimbabwe,1973,1,0,1,1
ZWE,Zimbabwe,1974,1,0,1,1
ZWE,Zimbabwe,1975,1,0,1,1
ZWE,Zimbabwe,1976,1,0,1,1
ZWE,Zimbabwe,1977,1,0,1,1
ZWE,Zimbabwe,1978,1,0,1,1
ZWE,Zimbabwe,1979,2,0,1,1
ZWE,Zimbabwe,1980,1,0,1,0
ZWE,Zimbabwe,1981,1,0,1,0
ZWE,Zimbabwe,1982,1,0,1,0
ZWE,Zimbabwe,1983,1,0,1,0
ZWE,Zimbabwe,1984,1,0,1,0
ZWE,Zimbabwe,1985,1,0,1,0
ZWE,Zimbabwe,1986,1,0,1,0
ZWE,Zimbabwe,1987,1,0,1,0
ZWE,Zimbabwe,1988,1,0,1,0
ZWE,Zimbabwe,1989,1,0,1,0
ZWE,Zimbabwe,1990,1,0,1,0
ZWE,Zimbabwe,1991,1,0,1,0
ZWE,Zimbabwe,1992,1,0,1,0
ZWE,Zimbabwe,1998,1,0,1,0
ZWE,Zimbabwe,1999,1,0,1,0
ZWE,Zimbabwe,2000,1,0,1,0
